<Backups xmlns="http://www.microsoft.com/GroupPolicy/GPOOperations/Manifest" xmlns:mfst="http://www.microsoft.com/GroupPolicy/GPOOperations/Manifest" mfst:version="1.0"><BackupInst><GPOGuid><![CDATA[{31B2F340-016D-11D2-945F-00C04FB984F9}]]></GPOGuid><GPODomain><![CDATA[victor.com]]></GPODomain><GPODomainGuid><![CDATA[{9e964bde-2426-4f18-8bfc-5310e54750c0}]]></GPODomainGuid><GPODomainController><![CDATA[asmail1.victor.com]]></GPODomainController><BackupTime><![CDATA[2022-04-12T20:38:45]]></BackupTime><ID><![CDATA[{0704C1B6-F99E-4D47-B1A2-8CA6166521B9}]]></ID><Comment><![CDATA[]]></Comment><GPODisplayName><![CDATA[Default Domain Policy]]></GPODisplayName></BackupInst></Backups>