<!--
  -  Pure-ftpd rules
  -  Author: Daniel Cid.
  -  Author: Peter Ahlert <peter@ifup.de>.
  -  Copyright (C) 2009 Trend Micro Inc.
  -  Copyright (C) 2015-2020, Wazuh Inc.
  -  Updated by Wazuh, Inc. <support@wazuh.com>.
  -  This program is a free software; you can redistribute it and/or modify it under the terms of GPLv2.
-->

<group name="syslog,pure-ftpd,">
  <rule id="11300" level="0">
    <decoded_as>pure-ftpd</decoded_as>
    <description>Grouping for the pure-ftpd rules.</description>
  </rule>

  <rule id="11301" level="3">
    <if_sid>11300</if_sid>
    <match>[INFO] Ny forbindelse fra</match>
    <description>New FTP connection.</description>
    <group>connection_attempt,</group>
  </rule>

  <rule id="11302" level="5">
    <if_sid>11300</if_sid>
    <match>[WARNING] Godkendelse mislykkedes for</match>
    <description>FTP Authentication failed.</description>
    <group>authentication_failed,</group>
  </rule>

  <rule id="11303" level="0">
    <if_sid>11300</if_sid>
    <match> [INFO] Logout| [INFO] Timeout</match>
    <description>FTP user logout/timeout</description>
  </rule>

  <rule id="11304" level="0">
    <if_sid>11300</if_sid>
    <match> [NOTICE] </match>
    <description>FTP notice messages</description>
  </rule>

  <rule id="11305" level="5">
    <if_sid>11300</if_sid>
    <match>[INFO] Kan ikke ændre mappen til</match>
    <description>Attempt to access invalid directory</description>
  </rule>

  <rule id="11306" level="10" frequency="8" timeframe="3600">
    <if_matched_sid>11302</if_matched_sid>
    <description>FTP brute force (multiple failed logins).</description>
    <mitre>
      <id>T1110</id>
    </mitre>
    <group>authentication_failures,</group>
  </rule>

  <rule id="11307" level="10" frequency="8" timeframe="60">
    <if_matched_sid>11301</if_matched_sid>
    <same_source_ip />
    <description>Multiple connection attempts from same source.</description>
    <mitre>
      <id>T1110</id>
    </mitre>
    <group>recon,</group>
  </rule>

  <rule id="11309" level="3">
    <match>[INFO] \S+ er logget på nu</match>
    <description>FTP Authentication success.</description>
    <mitre>
      <id>T1078</id>
    </mitre>
    <group>authentication_success,</group>
  </rule>

</group>
