<Backups xmlns="http://www.microsoft.com/GroupPolicy/GPOOperations/Manifest" xmlns:mfst="http://www.microsoft.com/GroupPolicy/GPOOperations/Manifest" mfst:version="1.0"><BackupInst><GPOGuid><![CDATA[{8DB711F4-7BFB-4E5C-916E-9978DA62BE22}]]></GPOGuid><GPODomain><![CDATA[victor.com]]></GPODomain><GPODomainGuid><![CDATA[{9e964bde-2426-4f18-8bfc-5310e54750c0}]]></GPODomainGuid><GPODomainController><![CDATA[asmail1.victor.com]]></GPODomainController><BackupTime><![CDATA[2022-04-12T20:39:49]]></BackupTime><ID><![CDATA[{FA7275BD-7EF8-447B-A30F-1B02C44DF5AB}]]></ID><Comment><![CDATA[]]></Comment><GPODisplayName><![CDATA[Domain Computers Polic]]></GPODisplayName></BackupInst></Backups>