<!--
  -  cisco-estreamer decoders
  -  Created by Wazuh, Inc.
  -  Copyright (C) 2015-2020, Wazuh Inc.
  -  This program is a free software; you can redistribute it and/or modify it under the terms of GPLv2.
-->

<!--
The Cisco Event Streamer (also known as eStreamer) allows you to stream FireSIGHT System intrusion, discovery, and connection data from the Cisco Defense Center or managed device (also referred to as the eStreamer server) to external client applications
-->

<!--
Sep  4 11:33:17 opsdcossec01 ossec-admin: AlertPriority 3 SourceIp 10.xx.xx.xx DestinationIp 10.00.00.00 sfAlertCount 1 SourcePort 00 DestinationPort 00 EventMessage Sourcefire Alert SERVER-MYSQL Oracle Mysql login attempt from unauthorized location
-->
<decoder name="cisco-estreamer">
	<program_name></program_name>
    <prematch>AlertPriority \d+ SourceIp \.+ DestinationIP \.+</prematch>
</decoder>

<decoder name="cisco-estreamer-fields">
	<parent>cisco-estreamer</parent>
    <regex>AlertPriority (\d+) SourceIp (\S+) DestinationIP (\S+) \S+ \d+ SourcePort (\d+) DestinationPort (\d+) \S+ \S+ \S+ (\S+)</regex>
	<order>extra_data,srcip,dstip,srcport,dstport,id</order>
</decoder>
