<!--
  -  Dragon decoders
  -  Author: Daniel Cid.
  -  Updated by Wazuh, Inc.
  -  Copyright (C) 2015-2020, Wazuh Inc.
  -  Copyright (C) 2009 Trend Micro Inc.
  -  This program is a free software; you can redistribute it and/or modify it under the terms of GPLv2.
-->


<!--
  - Will extract srcip, dstip and id
  - Examples:
  - 2007-02-24 00:07:30|xx-ids|MS:MDTC-DOS|1.2.3.4|5.6.7.8|123|456|I||6|tcp,xx
  -
  -->
<decoder name="dragon-nids">
   <type>ids</type>
   <prematch>^\d\d\d\d-\d\d-\d\d \d\d:\d\d:\d\d\|</prematch>
   <regex offset="after_prematch">^\S+\|(\S+)\|</regex>
   <regex>(\S+)\|(\S+)\|</regex>
   <order>id, srcip, dstip</order>
   <fts>name, id, srcip, dstip</fts>
</decoder>
