<!--
  -  OpenSCAP decoders
  -  Created by Wazuh, Inc.
  -  Copyright (C) 2015-2020, Wazuh Inc.
  -  This program is a free software; you can redistribute it and/or modify it under the terms of GPLv2.
-->

<!--
OpenSCAP
Logs from syslog.
-->
<decoder name="oscap">
    <program_name>oscap</program_name>
</decoder>

<!--
OpenSCAP
Logs from wodle
-->
<decoder name="oscap">
  <prematch>oscap: </prematch>
</decoder>


<!--
Rule Result: xccdf
oscap: msg: "xccdf-result", scan-id: "0011477050403", content: "ssg-centos-7-ds.xml", title: "Ensure /tmp Located On Separate Partition", id: "xccdf_org.ssgproject.content_rule_partition_for_tmp", result: "fail", severity: "low", description: "The /tmp directory is a world-writable directory used for temporary file storage. Ensure it has its own partition or logical volume at installation time, or migrate it using LVM.", rationale: "The /tmp partition is used as temporary storage by many programs. Placing /tmp in its own partition enables the setting of more restrictive mount options, which can help protect programs which use it." references: "SC-32 (http://nvlpubs.nist.gov/nistpubs/SpecialPublications/NIST.SP.800-53r4.pdf), Test attestation on 20120928 by MM (https://github.com/OpenSCAP/scap-security-guide/wiki/Contributors)", identifiers: "CCE-27173-4 (http://cce.mitre.org)", oval-id: "oval:ssg:def:522", benchmark-id: "xccdf_org.ssgproject.content_benchmark_RHEL-7", profile-id: "xccdf_org.ssgproject.content_profile_rht-ccp", profile-title: "CentOS Profile for Cloud Providers (CPCP)".
-->
<decoder name="oscap-wodle-xccdf-result">
  <parent>oscap</parent>
  <prematch offset="after_parent">^msg: "xccdf-result", </prematch>
  <regex offset="after_prematch">^scan-id: "(\.*)", content: "(\.*)", title: "(\.*)", id: "(\.*)", result: "(\.*)", severity: "(\.*)", description: "(\.*)", rationale: "(\.*)" references: "(\.*)", identifiers: "(\.*)", oval-id: "(\.*)", benchmark-id: "(\.*)", profile-id: "(\.*)", profile-title: "(\.*)".$</regex>
  <order>oscap.scan.id, oscap.scan.content, oscap.check.title, oscap.check.id, oscap.check.result, oscap.check.severity, oscap.check.description, oscap.check.rationale, oscap.check.references, oscap.check.identifiers, oscap.check.oval.id, oscap.scan.benchmark.id, oscap.scan.profile.id, oscap.scan.profile.title</order>
</decoder>

<!--
Rule Result: oval
oscap: msg: "oval-result", scan-id: "0011477050403", content: "cve-ubuntu-xenial-oval.xml", title: "CVE-2002-2439 on Ubuntu 16.04 LTS (xenial) - low.", id: "oval:com.ubuntu.xenial:def:20022439000", result: "fail", description: "operator new[] sometimes returns pointers to heap blocks which are too small. When a new array is allocated, the C++ run-time has to calculate its size. The product may exceed the maximum value which can be stored in a machine register. This error is ignored, and the truncated value is used for the heap allocation. This may lead to heap overflows and therefore security bugs. (See http://cert.uni-stuttgart.de/advisories/calloc.php for further references.)", profile-title: "vulnerability", reference: "CVE-2002-2439 (https://cve.mitre.org/cgi-bin/cvename.cgi?name=CVE-2002-2439)".
-->
<decoder name="oscap-wodle-oval-result">
  <parent>oscap</parent>
  <prematch offset="after_parent">^msg: "oval-result", </prematch>
  <regex offset="after_prematch">^scan-id: "(\.*)", content: "(\.*)", title: "(\.*)", id: "(\.*)", result: "(\.*)", description: "(\.*)", profile-title: "(\.*)", reference: "(\.*)".$</regex>
  <order>oscap.scan.id, oscap.scan.content, oscap.check.title, oscap.check.id, oscap.check.result, oscap.check.description, oscap.scan.profile.title, oscap.check.references</order>
</decoder>


<!--
Report overview: xccdf
oscap: msg: "xccdf-overview", scan-id: "0011477050403", content: "cve-redhat-7-ds.xml", benchmark-id: "xccdf_org.ssgproject.content_benchmark_RHEL-7", profile-id: "xccdf_org.ssgproject.content_profile_common", profile-title: "Common Profile for General-Purpose Systems", score: "62.500000".
-->
<decoder name="oscap-wodle-xccdf-overview">
  <parent>oscap</parent>
  <prematch offset="after_parent">^msg: "xccdf-overview", </prematch>
  <regex offset="after_prematch">^scan-id: "(\.*)", content: "(\.*)", benchmark-id: "(\.*)", profile-id: "(\.*)", profile-title: "(\.*)", score: "(\.*)".$</regex>
  <order>oscap.scan.id, oscap.scan.content, oscap.scan.benchmark.id, oscap.scan.profile.id, oscap.scan.profile.title, oscap.scan.score</order>
</decoder>

<!--
Report overview: oval
oscap: msg: "oval-overview", scan-id: "0011477050403", content: "com.ubuntu.xenial.cve.oval.xml", score: "48.19".
-->
<decoder name="oscap-wodle-oval-overview">
  <parent>oscap</parent>
  <prematch offset="after_parent">^msg: "oval-overview", </prematch>
  <regex offset="after_prematch">^scan-id: "(\.*)", content: "(\.*)", score: "(\.*)".$</regex>
  <order>oscap.scan.id, oscap.scan.content, oscap.scan.score</order>
</decoder>


<!--
Apr 12 10:50:32 centos oscap: Evaluation started. Content: /usr/share/xml/scap/ssg/content/ssg-centos7-ds.xml, Profile: xccdf_org.ssgproject.content_profile_standard.
-->
<decoder name="oscap-eval-start">
    <parent>oscap</parent>
    <prematch offset="after_parent">^Evaluation started. </prematch>
    <regex offset="after_prematch">^Content: (\S+), Profile: (\S+).$</regex>
    <order>oscap.scan.content, oscap.scan.profile.id</order>
</decoder>

<!--
Apr 12 10:50:42 centos oscap: Evaluation finished. Return code: 0, Base score 100.000000.
-->
<decoder name="oscap-eval-finish">
    <parent>oscap</parent>
    <prematch offset="after_parent">^Evaluation finished. </prematch>
    <regex offset="after_prematch">^Return code: (\d+), Base score (\S+).</regex>
    <order>oscap.scan.return_code, oscap.scan.score</order>
</decoder>
