<!--
  -  Portsentry decoders
  -  Author: Daniel Cid.
  -  Updated by Wazuh, Inc.
  -  Copyright (C) 2015-2020, Wazuh Inc.
  -  Copyright (C) 2009 Trend Micro Inc.
  -  This program is a free software; you can redistribute it and/or modify it under the terms of GPLv2.
-->

<decoder name="portsentry">
  <program_name>^portsentry</program_name>
</decoder>

<decoder name="portsentry-attackalert">
  <parent>portsentry</parent>
  <prematch>attackalert: Connect from host: </prematch>
  <regex offset="after_prematch">(\S+)/\S+ to (\S+) port: (\d+)$</regex>
  <order>srcip,protocol,dstport</order>
</decoder>

<decoder name="portsentry-blocked">
  <parent>portsentry</parent>
  <prematch>is already blocked. Ignoring$</prematch>
  <regex>Host: (\S+) is</regex>
  <order>srcip</order>
</decoder>
