<!--
  -  Redis decoders
  -  Created by Wazuh, Inc.
  -  Copyright (C) 2015-2020, Wazuh Inc.
  -  This program is a free software; you can redistribute it and/or modify it under the terms of GPLv2.
-->

<!--
1017:M 10 Apr 07:04:23.105 * 10 changes in 300 seconds. Saving
8496:M 14 Apr 09:07:02.261 - Accepted 10.10.10.10:12345
-->
<decoder name="redis">
    <prematch>^\d+:\w \d\d \w\w\w \d\d:\d\d:\d\d.\d+ \p </prematch>
</decoder>

<decoder name="redis-ip">
    <parent>redis</parent>
    <prematch offset="after_parent">^Accepted </prematch>
    <regex offset="after_prematch">^(\S+):(\d+)</regex>
    <order>srcip, dstport</order>
</decoder>
