<!--
  -  Docker decoders
  -  Created by Wazuh, Inc.
  -  Copyright (C) 2015-2020, Wazuh Inc.
  -  This program is a free software; you can redistribute it and/or modify it under the terms of GPLv2.
-->

<!--
time="2017-02-18T17:24:05.929666988Z" level=error msg="Handler for GET /vx.yy/containers/abcd/json returned error: No such container: abcd"
Mar 12 12:22:34 localhost containerd[1377]: time="2017-02-18T17:24:05.929666988Z" level=error msg="Handler for GET /vx.yy/containers/abcd/json returned error: No such container: abcd"
-->

<decoder name="docker">
        <prematch>^time="\d+-\d+-\d+T\d+:\d+:\d+.\d+\w" level=\S+ msg="</prematch>
        <regex>level=(\S+) msg="(\.+)"</regex>
        <order>docker.level,docker.message</order>
</decoder>

<decoder name="docker">
        <program_name>^dockerd|^containerd</program_name>
        <prematch>^time="\d+-\d+-\d+T\d+:\d+:\d+.\d+\w" level=\S+ msg="</prematch>
        <regex>level=(\S+) msg="(\.+)"</regex>
        <order>docker.level,docker.message</order>
</decoder>
