<!--
  -  Pfsense firewall decoders
  -  Author Mark Alston
  -  Updated by Wazuh, Inc.
  -  Copyright (C) 2015-2020, Wazuh Inc.
  -  This program is a free software; you can redistribute it and/or modify it under the terms of GPLv2.
-->

<!--
- Will extract src IP, src Port, dst IP, dst Port, Protocol and action from the pfsense logs, when available.
-->

<!-- PFSENSE
Nov  8 12:37:34 pfSense filterlog: 5,,,1000102433,em0,match,block,in,4,0x0,,128,24677,0,none,17,udp,186,10.9.0.119,10.9.0.255,17500,17600,166
 -->
<decoder name="pf">
  <program_name>filterlog</program_name>
</decoder>

<decoder name="pf-fields">
  <parent>pf</parent>
  <regex>^\S*,\S*,\S*,(\S*),\S*,\S*,(\S*),\S*,\S*,\S*,\S*,\S*,\S*,\S*,\S*,\S*,(\S*),\S*,(\S*),(\S*),(\S*),(\S*),\S*</regex>
  <order>id,action,protocol,srcip,dstip,srcport,dstport</order>
</decoder>
