<!--
  -  OSSEC rules
  -  Author: Daniel Cid.
  -  Updated by Wazuh, Inc.
  -  Copyright (C) 2015-2020, Wazuh Inc.
  -  Copyright (C) 2009 Trend Micro Inc.
  -  This program is a free software; you can redistribute it and/or modify it under the terms of GPLv2.
-->

<group name="ossec,">
  <rule id="500" level="0">
    <category>ossec</category>
    <decoded_as>ossec</decoded_as>
    <description>Grouping of ossec rules.</description>
  </rule>

  <rule id="501" level="3">
    <if_sid>500</if_sid>
    <if_fts />
    <match>Agent started</match>
    <description>New ossec agent connected.</description>
    <group>pci_dss_10.6.1,gpg13_10.1,gdpr_IV_35.7.d,hipaa_164.312.b,nist_800_53_AU.6,tsc_CC7.2,tsc_CC7.3,</group>
  </rule>

  <rule id="502" level="3">
    <if_sid>500</if_sid>
    <match>Ossec started</match>
    <description>Ossec server started.</description>
    <group>pci_dss_10.6.1,gpg13_10.1,gdpr_IV_35.7.d,hipaa_164.312.b,nist_800_53_AU.6,tsc_CC7.2,tsc_CC7.3,</group>
  </rule>

  <rule id="503" level="3">
    <if_sid>500</if_sid>
    <match>Agent started</match>
    <description>Ossec agent started.</description>
    <group>pci_dss_10.6.1,pci_dss_10.2.6,gpg13_10.1,gdpr_IV_35.7.d,hipaa_164.312.b,nist_800_53_AU.6,nist_800_53_AU.14,nist_800_53_AU.5,tsc_CC7.2,tsc_CC7.3,tsc_CC6.8,</group>
  </rule>

  <rule id="504" level="3">
    <if_sid>500</if_sid>
    <match>Agent disconnected</match>
    <description>Ossec agent disconnected.</description>
    <mitre>
      <id>T1089</id>
    </mitre>
    <group>pci_dss_10.6.1,pci_dss_10.2.6,gpg13_10.1,gdpr_IV_35.7.d,hipaa_164.312.b,nist_800_53_AU.6,nist_800_53_AU.14,nist_800_53_AU.5,tsc_CC7.2,tsc_CC7.3,tsc_CC6.8,</group>
  </rule>

  <rule id="505" level="3">
    <if_sid>500</if_sid>
    <match>Agent removed</match>
    <description>Ossec agent removed.</description>
    <mitre>
      <id>T1089</id>
    </mitre>
    <group>pci_dss_10.6.1,pci_dss_10.2.6,gpg13_10.1,gdpr_IV_35.7.d,hipaa_164.312.b,nist_800_53_AU.6,nist_800_53_AU.14,nist_800_53_AU.5,tsc_CC7.2,tsc_CC7.3,tsc_CC6.8,</group>
  </rule>

  <rule id="509" level="0">
    <category>ossec</category>
    <decoded_as>rootcheck</decoded_as>
    <description>Rootcheck event.</description>
    <group>pci_dss_10.6.1,rootcheck,</group>
  </rule>

  <rule id="510" level="7">
    <if_sid>509</if_sid>
    <description>Host-based anomaly detection event (rootcheck).</description>
    <group>rootcheck,gdpr_IV_35.7.d,</group>
   <!-- <if_fts />  -->
  </rule>

  <rule id="511" level="0">
    <if_sid>510</if_sid>
    <match>^NTFS Alternate data stream found</match>
    <regex>Thumbs.db:encryptable'.|:Zone.Identifier'.|</regex>
    <regex>Exchsrvr/Mailroot/vsi</regex>
    <description>Ignored common NTFS ADS entries.</description>
    <group>rootcheck,</group>
  </rule>

  <rule id="512" level="3">
    <if_sid>510</if_sid>
    <match>^Windows Audit</match>
    <description>Windows Audit event.</description>
    <group>pci_dss_10.6.1,hipaa_164.312.b,rootcheck,</group>
  </rule>

  <rule id="513" level="9">
    <if_sid>510</if_sid>
    <match>^Windows Malware</match>
    <description>Windows malware detected.</description>
    <group>rootcheck,gpg13_4.2,gdpr_IV_35.7.d,</group>
  </rule>

  <rule id="514" level="2">
    <if_sid>510</if_sid>
    <match>^Application Found</match>
    <description>Windows application monitor event.</description>
    <group>pci_dss_10.6.1,hipaa_164.312.b,rootcheck,</group>
  </rule>

  <rule id="515" level="0">
    <if_sid>510</if_sid>
    <match>^Starting rootcheck scan|^Ending rootcheck scan.|</match>
    <match>^Starting syscheck scan|^Ending syscheck scan.|</match>
    <match>^Starting OpenSCAP scan|^Ending OpenSCAP scan.|</match>
    <match>^Starting CIS-CAT scan|^Ending CIS-CAT scan.|</match>
    <match>^Starting vulnerability scan|^Ending vulnerability scan.|</match>
    <match>^Starting Azure-logs scan.|^Ending Azure-logs scan.</match>
    <description>Ignoring scan messages.</description>
    <group>rootcheck,syscheck,pci_dss_10.6.1,gdpr_IV_35.7.d,gdpr_IV_30.1.g,hipaa_164.312.b,nist_800_53_AU.6,tsc_CC7.2,tsc_CC7.3,</group>
  </rule>

  <rule id="516" level="3">
    <if_sid>510</if_sid>
    <match>^System Audit</match>
    <description>System Audit event.</description>
    <group>rootcheck,gdpr_IV_30.1.g,</group>
  </rule>

  <rule id="517" level="7">
    <if_sid>500</if_sid>
    <match>^ossec: Audit:</match>
    <description>Syscheck Audit: $(extra_data)</description>
    <group>syscheck,gdpr_II_5.1.f,gdpr_IV_35.7.d,</group>
  </rule>

  <rule id="518" level="9">
    <if_sid>514</if_sid>
    <match>Adware|Spyware</match>
    <description>Windows Adware/Spyware application found.</description>
    <mitre>
      <id>T1017</id>
    </mitre>
    <group>rootcheck,gpg13_4.2,gdpr_IV_35.7.d,</group>
  </rule>

  <rule id="519" level="7">
    <if_sid>516</if_sid>
    <match>^System Audit: Web vulnerability</match>
    <description>System Audit: Vulnerable web application found.</description>
    <group>rootcheck,gdpr_IV_35.7.d,gdpr_IV_30.1.g,</group>
  </rule>

  <rule id="520" level="3">
    <if_sid>500</if_sid>
    <match>Duplicated IP</match>
    <description>Trying to add an agent with duplicated IP.</description>
    <group>pci_dss_10.6.1,gpg13_10.1,gdpr_IV_35.7.d,hipaa_164.312.b,nist_800_53_AU.6,tsc_CC7.2,tsc_CC7.3,</group>
  </rule>


  <!-- Process monitoring rules -->
  <rule id="530" level="0">
    <if_sid>500</if_sid>
    <match>^ossec: output: </match>
    <description>OSSEC process monitoring rules.</description>
    <group>process_monitor,</group>
  </rule>

  <rule id="531" level="7" ignore="7200">
    <if_sid>530</if_sid>
    <match>ossec: output: 'df -P': /dev/</match>
    <regex>100%</regex>
    <description>Partition usage reached 100% (disk space monitor).</description>
    <group>low_diskspace,pci_dss_10.6.1,gpg13_10.1,gdpr_IV_35.7.d,hipaa_164.312.b,nist_800_53_AU.6,tsc_CC7.2,tsc_CC7.3,</group>
  </rule>

 <rule id="532" level="0">
    <if_sid>531</if_sid>
    <match>cdrom|/media|usb|/mount|floppy|dvd</match>
    <description>Ignoring external medias.</description>
  </rule>

  <rule id="533" level="7">
    <if_sid>530</if_sid>
    <match>ossec: output: 'netstat listening ports</match>
    <check_diff />
    <description>Listened ports status (netstat) changed (new port opened or closed).</description>
    <group>pci_dss_10.2.7,pci_dss_10.6.1,gpg13_10.1,gdpr_IV_35.7.d,hipaa_164.312.b,nist_800_53_AU.14,nist_800_53_AU.6,tsc_CC6.8,tsc_CC7.2,tsc_CC7.3,</group>
  </rule>

  <rule id="534" level="1">
    <if_sid>530</if_sid>
    <match>ossec: output: 'w'</match>
    <check_diff />
    <options>no_log</options>
    <description>List of logged in users. It will not be alerted by default.</description>
  </rule>

  <rule id="535" level="1">
    <if_sid>530</if_sid>
    <match>ossec: output: 'last -n </match>
    <check_diff />
    <options>no_log</options>
    <description>List of the last logged in users.</description>
    <group>pci_dss_10.6.1,hipaa_164.312.b,</group>
  </rule>

  <rule id="536" level="0">
    <if_sid>531</if_sid>
      <regex>'df -P':\s+/dev/loop\d+\s+\d+\s+\d+\s+0\s+100%\s+/snap/\w+/\d+</regex>
      <description>Ignore snap disks because they are always at 100% of capacity</description>
  </rule>


  <rule id="550" level="7">
    <category>ossec</category>
    <decoded_as>syscheck_integrity_changed</decoded_as>
    <description>Integrity checksum changed.</description>
    <mitre>
      <id>T1492</id>
    </mitre>
    <group>syscheck,syscheck_entry_modified,syscheck_file,pci_dss_11.5,gpg13_4.11,gdpr_II_5.1.f,hipaa_164.312.c.1,hipaa_164.312.c.2,nist_800_53_SI.7,tsc_PI1.4,tsc_PI1.5,tsc_CC6.1,tsc_CC6.8,tsc_CC7.2,tsc_CC7.3,</group>
  </rule>

  <rule id="553" level="7">
    <category>ossec</category>
    <decoded_as>syscheck_deleted</decoded_as>
    <description>File deleted.</description>
    <mitre>
      <id>T1107</id>
      <id>T1485</id>
    </mitre>
    <group>syscheck,syscheck_entry_deleted,syscheck_file,pci_dss_11.5,gpg13_4.11,gdpr_II_5.1.f,hipaa_164.312.c.1,hipaa_164.312.c.2,nist_800_53_SI.7,tsc_PI1.4,tsc_PI1.5,tsc_CC6.1,tsc_CC6.8,tsc_CC7.2,tsc_CC7.3,</group>
  </rule>

  <rule id="554" level="5">
    <category>ossec</category>
    <decoded_as>syscheck_new_entry</decoded_as>
    <description>File added to the system.</description>
    <group>syscheck,syscheck_entry_added,syscheck_file,pci_dss_11.5,gpg13_4.11,gdpr_II_5.1.f,hipaa_164.312.c.1,hipaa_164.312.c.2,nist_800_53_SI.7,tsc_PI1.4,tsc_PI1.5,tsc_CC6.1,tsc_CC6.8,tsc_CC7.2,tsc_CC7.3,</group>
  </rule>

  <rule id="555" level="7">
    <if_sid>500</if_sid>
    <match>^ossec: agentless: </match>
    <description>Integrity checksum for agentless device changed.</description>
    <group>syscheck,agentless,pci_dss_11.5,pci_dss_10.6.1,gpg13_4.11,gdpr_II_5.1.f,gdpr_IV_35.7.d,hipaa_164.312.c.1,hipaa_164.312.c.2,hipaa_164.312.b,nist_800_53_SI.7,nist_800_53_AU.6,tsc_PI1.4,tsc_PI1.5,tsc_CC6.1,tsc_CC6.8,tsc_CC7.2,tsc_CC7.3,</group>
  </rule>

  <rule id="560" level="7">
    <if_sid>500</if_sid>
    <match>^ossec: Real-time inotify kernel queue is full.</match>
    <description>FIM real-time queue is full. Some real-time events may be lost.</description>
    <group>syscheck,agentless,pci_dss_11.5,pci_dss_10.6.1,gpg13_4.11,gdpr_II_5.1.f,gdpr_IV_35.7.d,hipaa_164.312.c.1,hipaa_164.312.c.2,hipaa_164.312.b,nist_800_53_SI.7,nist_800_53_AU.6,tsc_PI1.4,tsc_PI1.5,tsc_CC6.1,tsc_CC6.8,tsc_CC7.2,tsc_CC7.3,</group>
  </rule>

  <!-- Hostinfo rules -->
  <rule id="580" level="8">
    <category>ossec</category>
    <decoded_as>hostinfo_modified</decoded_as>
    <description>Host information changed.</description>
    <group>hostinfo,pci_dss_10.2.7,gpg13_4.13,gdpr_IV_35.7.d,hipaa_164.312.b,nist_800_53_AU.14,tsc_CC6.8,tsc_CC7.2,tsc_CC7.3,</group>
  </rule>

  <rule id="581" level="8">
    <category>ossec</category>
    <decoded_as>hostinfo_new</decoded_as>
    <description>Host information added.</description>
    <group>hostinfo,pci_dss_10.2.7,gpg13_4.13,hipaa_164.312.b,nist_800_53_AU.14,tsc_CC6.8,tsc_CC7.2,tsc_CC7.3,</group>
  </rule>


  <!-- File rotation/truncation rules -->
  <rule id="591" level="3">
    <if_sid>500</if_sid>
    <match>^ossec: File rotated </match>
    <description>Log file rotated.</description>
    <group>pci_dss_10.5.2,pci_dss_10.5.5,gpg13_10.1,gdpr_II_5.1.f,gdpr_IV_35.7.d,hipaa_164.312.b,nist_800_53_AU.9,tsc_CC6.1,tsc_CC7.2,tsc_CC7.3,tsc_PI1.4,tsc_PI1.5,tsc_CC7.1,tsc_CC8.1,</group>
  </rule>

  <rule id="592" level="8">
    <if_sid>500</if_sid>
    <match>^ossec: File size reduced</match>
    <description>Log file size reduced.</description>
    <mitre>
      <id>T1492</id>
    </mitre>
    <group>attacks,pci_dss_10.5.2,pci_dss_11.4,gpg13_10.1,gdpr_IV_35.7.d,hipaa_164.312.b,nist_800_53_AU.9,nist_800_53_SI.4,tsc_CC6.1,tsc_CC7.2,tsc_CC7.3,tsc_CC6.8,</group>
  </rule>

  <rule id="593" level="9">
    <if_sid>500</if_sid>
    <match>^ossec: Event log cleared</match>
    <description>Microsoft Event log cleared.</description>
    <mitre>
      <id>T1070</id>
    </mitre>
    <group>logs_cleared,pci_dss_10.5.2,gpg13_10.1,gdpr_II_5.1.f,gdpr_IV_35.7.d,hipaa_164.312.b,nist_800_53_AU.9,tsc_CC6.1,tsc_CC7.2,tsc_CC7.3,</group>
  </rule>

  <rule id="594" level="5">
    <category>ossec</category>
    <decoded_as>syscheck_registry_key_modified</decoded_as>
    <group>syscheck,syscheck_entry_modified,syscheck_registry,pci_dss_11.5,gpg13_4.13,gdpr_II_5.1.f,hipaa_164.312.c.1,hipaa_164.312.c.2,nist_800_53_SI.7,tsc_PI1.4,tsc_PI1.5,tsc_CC6.1,tsc_CC6.8,tsc_CC7.2,tsc_CC7.3,</group>
    <description>Registry Key Integrity Checksum Changed</description>
    <mitre>
      <id>T1492</id>
    </mitre>
  </rule>

  <rule id="597" level="5">
    <category>ossec</category>
    <decoded_as>syscheck_registry_key_deleted</decoded_as>
    <group>syscheck,syscheck_entry_deleted,syscheck_registry,pci_dss_11.5,gpg13_4.13,gdpr_II_5.1.f,hipaa_164.312.c.1,hipaa_164.312.c.2,nist_800_53_SI.7,tsc_PI1.4,tsc_PI1.5,tsc_CC6.1,tsc_CC6.8,tsc_CC7.2,tsc_CC7.3,</group>
    <description>Registry Key Entry Deleted.</description>
    <mitre>
      <id>T1107</id>
      <id>T1485</id>
    </mitre>
  </rule>

  <rule id="598" level="5">
    <category>ossec</category>
    <decoded_as>syscheck_registry_key_added</decoded_as>
    <group>syscheck,syscheck_entry_added,syscheck_registry,pci_dss_11.5,gpg13_4.13,gdpr_II_5.1.f,hipaa_164.312.c.1,hipaa_164.312.c.2,nist_800_53_SI.7,tsc_PI1.4,tsc_PI1.5,tsc_CC6.1,tsc_CC6.8,tsc_CC7.2,tsc_CC7.3,</group>
    <description>Registry Key Entry Added to the System</description>
  </rule>

  <!-- active response rules
  Example:
  Sat May  7 03:27:57 CDT 2011 /var/ossec/active-response/bin/firewall-drop.sh delete - 172.16.0.1 1304756247.60385 31151
  -->

  <rule id="600" level="0">
    <decoded_as>ar_log</decoded_as>
    <description>Active Response Messages Grouped</description>
    <group>active_response,</group>
  </rule>

  <rule id="601" level="3">
    <if_sid>600</if_sid>
    <field name="script">firewall-drop.sh</field>
    <field name="type">add</field>
    <description>Host Blocked by firewall-drop.sh Active Response</description>
    <group>active_response,pci_dss_11.4,gpg13_4.13,gdpr_IV_35.7.d,nist_800_53_SI.4,tsc_CC6.1,tsc_CC6.8,tsc_CC7.2,tsc_CC7.3,tsc_CC7.4,</group>
  </rule>

  <rule id="602" level="3">
    <if_sid>600</if_sid>
    <field name="script">firewall-drop.sh</field>
    <field name="type">delete</field>
    <description>Host Unblocked by firewall-drop.sh Active Response</description>
    <group>active_response,pci_dss_11.4,gpg13_4.13,gdpr_IV_35.7.d,nist_800_53_SI.4,tsc_CC6.1,tsc_CC6.8,tsc_CC7.2,tsc_CC7.3,tsc_CC7.4,</group>
  </rule>

  <rule id="603" level="3">
    <if_sid>600</if_sid>
    <field name="script">host-deny.sh</field>
    <field name="type">add</field>
    <description>Host Blocked by host-deny.sh Active Response</description>
    <group>active_response,pci_dss_11.4,gpg13_4.13,gdpr_IV_35.7.d,nist_800_53_SI.4,tsc_CC6.1,tsc_CC6.8,tsc_CC7.2,tsc_CC7.3,tsc_CC7.4,</group>
  </rule>

  <rule id="604" level="3">
    <if_sid>600</if_sid>
    <field name="script">host-deny.sh</field>
    <field name="type">delete</field>
    <description>Host Unblocked by host-deny.sh Active Response</description>
    <group>active_response,pci_dss_11.4,gpg13_4.13,gdpr_IV_35.7.d,nist_800_53_SI.4,tsc_CC6.1,tsc_CC6.8,tsc_CC7.2,tsc_CC7.3,tsc_CC7.4,</group>
  </rule>

  <rule id="605" level="3">
    <if_sid>600</if_sid>
    <field name="script">route-null</field>
    <field name="type">add</field>
    <description>Host Blocked by $(script) Active Response</description>
    <group>active_response,pci_dss_11.4,gpg13_4.13,gdpr_IV_35.7.d,nist_800_53_SI.4,tsc_CC6.1,tsc_CC6.8,tsc_CC7.2,tsc_CC7.3,tsc_CC7.4,</group>
  </rule>

  <rule id="606" level="3">
    <if_sid>600</if_sid>
    <field name="script">route-null</field>
    <field name="type">delete</field>
    <description>Host Unblocked by $(script) Active Response</description>
    <group>active_response,pci_dss_11.4,gpg13_4.13,gdpr_IV_35.7.d,nist_800_53_SI.4,tsc_CC6.1,tsc_CC6.8,tsc_CC7.2,tsc_CC7.3,tsc_CC7.4,</group>
  </rule>

  <rule id="607" level="3">
    <if_sid>600</if_sid>
    <description>Active response: $(script) - $(type)</description>
    <group>active_response,pci_dss_11.4,gdpr_IV_35.7.d,nist_800_53_SI.4,tsc_CC6.1,tsc_CC6.8,tsc_CC7.2,tsc_CC7.3,tsc_CC7.4,</group>
  </rule>

  <rule id="700" level="0">
    <category>ossec</category>
    <decoded_as>ossec-logcollector</decoded_as>
    <description>Logcollector Messages Grouped</description>
  </rule>

  <rule id="701" level="0">
    <if_sid>700</if_sid>
    <match>INFO: </match>
    <description>Ignore informational messages (usually at startup)</description>
  </rule>

  <rule id="750" level="5">
    <category>ossec</category>
    <decoded_as>syscheck_registry_value_modified</decoded_as>
    <group>syscheck,syscheck_entry_modified,syscheck_registry,pci_dss_11.5,gpg13_4.13,gdpr_II_5.1.f,hipaa_164.312.c.1,hipaa_164.312.c.2,nist_800_53_SI.7,tsc_PI1.4,tsc_PI1.5,tsc_CC6.1,tsc_CC6.8,tsc_CC7.2,tsc_CC7.3,</group>
    <description>Registry Value Integrity Checksum Changed</description>
    <mitre>
      <id>T1492</id>
    </mitre>
  </rule>

  <rule id="751" level="5">
    <category>ossec</category>
    <decoded_as>syscheck_registry_value_deleted</decoded_as>
    <group>syscheck,syscheck_entry_deleted,syscheck_registry,pci_dss_11.5,gpg13_4.13,gdpr_II_5.1.f,hipaa_164.312.c.1,hipaa_164.312.c.2,nist_800_53_SI.7,tsc_PI1.4,tsc_PI1.5,tsc_CC6.1,tsc_CC6.8,tsc_CC7.2,tsc_CC7.3,</group>
    <description>Registry Value Entry Deleted.</description>
    <mitre>
      <id>T1107</id>
      <id>T1485</id>
    </mitre>
  </rule>

  <rule id="752" level="5">
    <category>ossec</category>
    <decoded_as>syscheck_registry_value_added</decoded_as>
    <group>syscheck,syscheck_entry_added,syscheck_registry,pci_dss_11.5,gpg13_4.13,gdpr_II_5.1.f,hipaa_164.312.c.1,hipaa_164.312.c.2,nist_800_53_SI.7,tsc_PI1.4,tsc_PI1.5,tsc_CC6.1,tsc_CC6.8,tsc_CC7.2,tsc_CC7.3,</group>
    <description>Registry Value Entry Added to the System</description>
  </rule>

</group>
