<!--
  -  Wazuh rules
  -  Created by Wazuh, Inc.
  -  Copyright (C) 2015-2020, Wazuh Inc.
  -  This program is a free software; you can redistribute it and/or modify it under the terms of GPLv2.
-->

<group name="wazuh,">
  <rule id="200" level="0">
    <decoded_as>wazuh</decoded_as>
    <description>Grouping of wazuh rules.</description>
  </rule>

  <!-- Agent buffer rules -->
  <rule id="201" level="0">
    <if_sid>200</if_sid>
    <match>^wazuh: Agent buffer: </match>
    <description>Agent event queue rule</description>
    <group>agent_flooding,</group>
  </rule>

  <rule id="202" level="7">
    <if_sid>201</if_sid>
    <field name="level">%</field>
    <description>Agent event queue is $(level) full.</description>
    <group>agent_flooding,gdpr_IV_35.7.d,</group>
  </rule>

  <rule id="203" level="9">
    <if_sid>201</if_sid>
    <field name="level">full</field>
    <description>Agent event queue is full. Events may be lost.</description>
    <group>agent_flooding,gdpr_IV_35.7.d,</group>
  </rule>

  <rule id="204" level="12">
    <if_sid>201</if_sid>
    <field name="level">flooded</field>
    <description>Agent event queue is flooded. Check the agent configuration.</description>
    <group>agent_flooding,gdpr_IV_35.7.d,</group>
  </rule>

  <rule id="205" level="3">
    <if_sid>201</if_sid>
    <field name="level">normal</field>
    <description>Agent event queue is back to normal load.</description>
    <group>agent_flooding,</group>
  </rule>


  <!-- Remote upgrading rules -->
  <!--
    wazuh: Upgrade procedure on agent 001 (TestAgent): started. Current version: v3.0.0
    wazuh: Upgrade procedure on agent 001 (TestAgent): aborted: Cannot execute installer
    wazuh: Upgrade procedure on agent 001 (TestAgent): succeeded. New version: v3.1.0
    wazuh: Upgrade procedure on agent 001 (TestAgent): failed: Restored to previous version
    wazuh: Upgrade procedure on agent 001 (TestAgent): lost: Maximum attempts exceeded
    wazuh: Custom installation on agent 001 (TestAgent): started.
    wazuh: Custom installation on agent 001 (TestAgent): aborted: Could not verify signature
  -->
  <rule id="210" level="0">
    <if_sid>200</if_sid>
    <match>Upgrade procedure</match>
    <description>Remote upgrade alert</description>
    <group>upgrade,</group>
  </rule>

  <rule id="211" level="0">
    <if_sid>200</if_sid>
    <match>Custom installation</match>
    <description>Remote installation alert</description>
    <group>upgrade,</group>
  </rule>

  <rule id="212" level="3">
    <if_sid>210</if_sid>
    <status>started</status>
    <description>Remote upgrade started.</description>
    <group>upgrade,</group>
  </rule>

  <rule id="213" level="7">
    <if_sid>210</if_sid>
    <status>aborted</status>
    <description>Remote upgrade could not be launched. Error: $(error).</description>
    <group>upgrade,upgrade_failure,</group>
  </rule>

  <rule id="214" level="3">
    <if_sid>210</if_sid>
    <status>succeeded</status>
    <description>Remote upgrade finished successfully.</description>
    <group>upgrade,upgrade_success,</group>
  </rule>

  <rule id="215" level="6">
    <if_sid>210</if_sid>
    <status>failed</status>
    <description>Remote upgrade failed. Agent restored to previous version.</description>
    <group>upgrade,upgrade_failure,</group>
  </rule>

  <rule id="216" level="7">
    <if_sid>210</if_sid>
    <status>lost</status>
    <description>Remote upgrade failed. Agent disconnected.</description>
    <group>upgrade,upgrade_failure,</group>
  </rule>

  <rule id="217" level="3">
    <if_sid>211</if_sid>
    <status>started</status>
    <description>Custom installation started.</description>
    <group>upgrade,</group>
  </rule>

  <rule id="218" level="7">
    <if_sid>211</if_sid>
    <status>aborted</status>
    <description>Custom installation could not be launched. Error: $(error).</description>
    <group>upgrade,upgrade_failure,</group>
  </rule>

  <rule id="220" level="7">
    <if_sid>200</if_sid>
    <match>^wazuh: Invalid remote configuration: </match>
    <description>The agent could not restart due to a $(module) failure in the remote configuration</description>
    <group>agent_restarting,configuration_failure,</group>
  </rule>

  <!-- Ignore syscollector events -->
  <rule id="221" level="0">
    <category>ossec</category>
    <decoded_as>syscollector</decoded_as>
    <description>Syscollector event.</description>
  </rule>

  <rule id="222" level="7">
    <if_sid>200</if_sid>
    <match>^wazuh: Could not unmerge shared file.</match>
    <description>The agent could not restart due to a error while unmerging files.</description>
    <group>agent_restarting,configuration_failure,</group>
  </rule>

  <!-- FIM DB state rules -->
  <rule id="230" level="0">
    <if_sid>200</if_sid>
    <match>^wazuh: FIM DB: </match>
    <location>syscheck$</location>
    <description>FIM DB rule</description>
    <group>syscheck,fim_db_state,</group>
  </rule>

  <rule id="231" level="7">
    <if_sid>230</if_sid>
    <field name="alert_type">80_percentage</field>
    <description>The file limit set for this agent is $(file_limit). Now, $(file_count) files are being monitored and all files that come after the limit will not be monitored. Change this setting in centralized configuration or locally on the agent.</description>
    <group>syscheck,fim_db_state,gdpr_IV_35.7.d,</group>
  </rule>

  <rule id="232" level="9">
    <if_sid>230</if_sid>
    <field name="alert_type">90_percentage</field>
    <description>The file limit set for this agent is $(file_limit). Now, $(file_count) files are being monitored and all files that come after the limit will not be monitored. Change this setting in centralized configuration or locally on the agent.</description>
    <group>syscheck,fim_db_state,gdpr_IV_35.7.d,</group>
  </rule>

  <rule id="233" level="12">
    <if_sid>230</if_sid>
    <field name="alert_type">full</field>
    <description>The file limit set for this agent is $(file_limit). Now, $(file_count) files are being monitored and no more files will be monitored. Change this setting in centralized configuration or locally on the agent.</description>
    <group>syscheck,fim_db_state,gdpr_IV_35.7.d,</group>
  </rule>

  <rule id="234" level="3">
    <if_sid>230</if_sid>
    <field name="alert_type">normal</field>
    <description>The file limit set for this agent is $(file_limit). Now, $(file_count) files are being monitored.</description>
    <group>syscheck,fim_db_state,</group>
  </rule>

</group>
