<!--
  -  Imapd rules
  -  Author: Daniel Cid.
  -  Updated by Wazuh, Inc.
  -  Copyright (C) 2015-2020, Wazuh Inc.
  -  Copyright (C) 2009 Trend Micro Inc.
  -  This program is a free software; you can redistribute it and/or modify it under the terms of GPLv2.
-->

<var name="IMAPD_FREQ">8</var>

<group name="syslog,imapd,">
  <rule id="3600" level="0" noalert="1">
    <decoded_as>imapd</decoded_as>
    <description>Grouping of the imapd rules.</description>
  </rule>

  <rule id="3601" level="5">
    <if_sid>3600</if_sid>
    <match>Login failed user=|AUTHENTICATE LOGIN failure</match>
    <description>Imapd user login failed.</description>
    <group>authentication_failed,pci_dss_10.2.4,pci_dss_10.2.5,gpg13_7.1,gdpr_IV_35.7.d,gdpr_IV_32.2,hipaa_164.312.b,nist_800_53_AU.14,nist_800_53_AC.7,tsc_CC6.1,tsc_CC6.8,tsc_CC7.2,tsc_CC7.3,</group>
  </rule>

  <rule id="3602" level="3">
    <if_sid>3600</if_sid>
    <match>Authenticated user=</match>
    <description>Imapd user login.</description>
    <mitre>
      <id>T1078</id>
    </mitre>
    <group>authentication_success,pci_dss_10.2.5,gpg13_7.1,gdpr_IV_32.2,hipaa_164.312.b,nist_800_53_AU.14,nist_800_53_AC.7,tsc_CC6.8,tsc_CC7.2,tsc_CC7.3,</group>
  </rule>

  <rule id="3603" level="0">
    <if_sid>3600</if_sid>
    <match>Logout user=</match>
    <description>Imapd user logout.</description>
    <group>pci_dss_10.2.5,gpg13_7.1,gdpr_IV_32.2,hipaa_164.312.b,nist_800_53_AU.14,nist_800_53_AC.7,tsc_CC6.8,tsc_CC7.2,tsc_CC7.3,</group>
  </rule>

  <rule id="3651" level="10" frequency="$IMAPD_FREQ" timeframe="120">
    <if_matched_sid>3601</if_matched_sid>
    <same_source_ip />
    <description>Imapd Multiple failed logins from same source ip.</description>
    <mitre>
      <id>T1110</id>
    </mitre>
    <group>authentication_failures,pci_dss_10.2.4,pci_dss_10.2.5,pci_dss_11.4,gpg13_7.1,gdpr_IV_35.7.d,gdpr_IV_32.2,hipaa_164.312.b,nist_800_53_AU.14,nist_800_53_AC.7,nist_800_53_SI.4,tsc_CC6.1,tsc_CC6.8,tsc_CC7.2,tsc_CC7.3,</group>
  </rule>

</group>
