<!--
  -  Mailscanner rules
  -  Author: Daniel Cid.
  -  Updated by Wazuh, Inc.
  -  Copyright (C) 2015-2020, Wazuh Inc.
  -  Copyright (C) 2009 Trend Micro Inc.
  -  This program is a free software; you can redistribute it and/or modify it under the terms of GPLv2.
-->

<group name="syslog,mailscanner,">
  <rule id="3700" level="0">
    <decoded_as>mailscanner</decoded_as>
    <description>Grouping of mailscanner rules.</description>
  </rule>

  <rule id="3701" level="0">
    <if_sid>3700</if_sid>
    <action>not</action>
    <description>mailscanner: Non spam message. Ignored.</description>
  </rule>

  <rule id="3702" level="5">
    <if_sid>3700</if_sid>
    <action>spam</action>
    <description>mailscanner: spam detected.</description>
    <group>spam,</group>
  </rule>

  <rule id="3751" level="6" frequency="8" timeframe="180">
    <if_matched_sid>3702</if_matched_sid>
    <same_source_ip />
    <description>mailscanner: Multiple attempts of spam.</description>
    <mitre>
      <id>T1110</id>
      <id>T1114</id>
    </mitre>
    <group>multiple_spam,pci_dss_10.6.1,gpg13_4.12,gdpr_IV_35.7.d,hipaa_164.312.b,nist_800_53_AU.6,tsc_CC7.2,tsc_CC7.3,</group>
  </rule>

  <rule id="3752" level="0">
      <if_sid>1002</if_sid>
      <program_name>update.bad.phishing.sites</program_name>
      <match>^Phishing bad sites list updated</match>
      <description>ignore</description>
  </rule>

</group>
