<!--
  -  PIX rules
  -  Author: Daniel Cid.
  -  Updated by Wazuh, Inc.
  -  Copyright (C) 2015-2020, Wazuh Inc.
  -  Copyright (C) 2009 Trend Micro Inc.
  -  This program is a free software; you can redistribute it and/or modify it under the terms of GPLv2.
-->

<group name="syslog,pix,">
  <rule id="4300" level="0">
    <decoded_as>pix</decoded_as>
    <description>Grouping of PIX rules</description>
  </rule>

  <rule id="4310" level="5">
    <if_sid>4300</if_sid>
    <id>^1-</id>
    <description>PIX alert message.</description>
  </rule>

  <rule id="4311" level="5">
    <if_sid>4300</if_sid>
    <id>^2-</id>
    <description>PIX critical message.</description>
  </rule>

  <rule id="4312" level="4">
    <if_sid>4300</if_sid>
    <id>^3-</id>
    <description>PIX error message.</description>
  </rule>

  <rule id="4313" level="4">
    <if_sid>4300</if_sid>
    <id>^4-</id>
    <description>PIX warning message.</description>
  </rule>

  <rule id="4314" level="0">
    <if_sid>4300</if_sid>
    <id>^5-|^6-</id>
    <description>PIX notification/informational message.</description>
  </rule>

  <rule id="4315" level="0">
    <if_sid>4300</if_sid>
    <id>^7-</id>
    <description>PIX debug message.</description>
  </rule>

  <rule id="4321" level="9">
    <if_sid>4314</if_sid>
    <id>^6-605004</id>
    <description>PIX: Failed login attempt.</description>
    <group>authentication_failed,pci_dss_10.2.4,pci_dss_10.2.5,gpg13_7.8,gdpr_IV_35.7.d,gdpr_IV_32.2,hipaa_164.312.b,nist_800_53_AU.14,nist_800_53_AC.7,tsc_CC6.1,tsc_CC6.8,tsc_CC7.2,tsc_CC7.3,</group>
  </rule>

  <rule id="4322" level="3">
    <if_sid>4314</if_sid>
    <id>^5-502103</id>
    <description>PIX: Privilege changed.</description>
    <group>pci_dss_10.2.7,pci_dss_10.6.1,gpg13_7.9,gdpr_IV_35.7.d,gdpr_IV_32.2,hipaa_164.312.b,nist_800_53_AU.14,nist_800_53_AU.6,tsc_CC6.8,tsc_CC7.2,tsc_CC7.3,</group>
  </rule>

  <rule id="4323" level="3">
    <if_sid>4314</if_sid>
    <id>^6-605005</id>
    <description>PIX: Successful login.</description>
    <mitre>
      <id>T1078</id>
    </mitre>
    <group>authentication_success,pci_dss_10.2.5,gpg13_7.8,gdpr_IV_32.2,hipaa_164.312.b,nist_800_53_AU.14,nist_800_53_AC.7,tsc_CC6.8,tsc_CC7.2,tsc_CC7.3,</group>
  </rule>

  <rule id="4324" level="9">
    <if_sid>4314</if_sid>
    <id>^6-308001</id>
    <description>PIX: Password mismatch while running 'enable' </description>
    <description>on the PIX.</description>
    <group>authentication_failed,pci_dss_10.2.4,pci_dss_10.2.5,gpg13_7.8,gdpr_IV_35.7.d,gdpr_IV_32.2,hipaa_164.312.b,nist_800_53_AU.14,nist_800_53_AC.7,tsc_CC6.1,tsc_CC6.8,tsc_CC7.2,tsc_CC7.3,</group>
  </rule>

  <rule id="4325" level="8">
    <if_sid>4313</if_sid>
    <id>^4-405001</id>
    <description>PIX: ARP collision detected.</description>
    <mitre>
      <id>T1095</id>
    </mitre>
    <group>pci_dss_10.6.1,gpg13_4.12,gdpr_IV_35.7.d,hipaa_164.312.b,nist_800_53_AU.6,tsc_CC7.2,tsc_CC7.3,</group>
  </rule>

  <rule id="4326" level="8">
    <if_sid>4313</if_sid>
    <id>^4-401004</id>
    <description>PIX: Attempt to connect from a blocked (shunned) IP.</description>
    <group>access_denied,pci_dss_10.2.4,pci_dss_11.4,gpg13_4.12,gdpr_IV_35.7.d,hipaa_164.312.b,nist_800_53_AU.14,nist_800_53_AC.7,nist_800_53_SI.4,tsc_CC6.1,tsc_CC6.8,tsc_CC7.2,tsc_CC7.3,</group>
  </rule>

  <rule id="4327" level="8">
    <if_sid>4313</if_sid>
    <id>^4-710004</id>
    <description>PIX: Connection limit exceeded.</description>
    <group>pci_dss_10.6.1,gpg13_4.12,gdpr_IV_35.7.d,hipaa_164.312.b,nist_800_53_AU.6,tsc_CC7.2,tsc_CC7.3,</group>
  </rule>

  <rule id="4330" level="8">
    <if_sid>4310</if_sid>
    <id>^1-106021|^1-106022</id>
    <description>PIX: Attack in progress detected.</description>
    <group>gdpr_IV_35.7.d,</group>
  </rule>

  <rule id="4331" level="8">
    <if_sid>4311</if_sid>
    <id>^2-106012|^2-106017|^2-106020</id>
    <description>PIX: Attack in progress detected.</description>
    <group>gdpr_IV_35.7.d,</group>
  </rule>

  <rule id="4332" level="8">
    <if_sid>4313</if_sid>
    <id>^4-4000</id>
    <description>PIX: Attack in progress detected.</description>
    <group>gdpr_IV_35.7.d,</group>
  </rule>

  <!-- Grouping of attack in progress messages. The three above
    -  will never be alerted, but this one instead.
    -->
  <rule id="4333" level="8">
    <if_sid>4330, 4331, 4332</if_sid>
    <description>PIX: Attack in progress detected</description>
    <group>ids,pci_dss_11.4,gpg13_4.12,gdpr_IV_35.7.d,nist_800_53_SI.4,tsc_CC6.1,tsc_CC6.8,tsc_CC7.2,tsc_CC7.3,</group>
  </rule>

  <rule id="4334" level="5">
    <if_sid>4314</if_sid>
    <id>^6-113005</id>
    <description>PIX: AAA (VPN) authentication failed.</description>
    <group>authentication_failed,pci_dss_10.2.4,pci_dss_10.2.5,gpg13_7.1,gdpr_IV_35.7.d,gdpr_IV_32.2,hipaa_164.312.b,nist_800_53_AU.14,nist_800_53_AC.7,tsc_CC6.1,tsc_CC6.8,tsc_CC7.2,tsc_CC7.3,</group>
  </rule>

  <rule id="4335" level="3">
    <if_sid>4314</if_sid>
    <id>^6-113004</id>
    <description>PIX: AAA (VPN) authentication successful.</description>
    <mitre>
      <id>T1078</id>
    </mitre>
    <group>authentication_success,pci_dss_10.2.5,gpg13_7.1,gpg13_7.2,gdpr_IV_32.2,hipaa_164.312.b,nist_800_53_AU.14,nist_800_53_AC.7,tsc_CC6.8,tsc_CC7.2,tsc_CC7.3,</group>
  </rule>

  <rule id="4336" level="8">
    <if_sid>4314</if_sid>
    <id>^6-113006</id>
    <description>PIX: AAA (VPN) user locked out.</description>
    <mitre>
      <id>T1133</id>
    </mitre>
    <group>authentication_failed,pci_dss_10.2.4,pci_dss_10.2.5,gpg13_7.1,gpg13_7.5,gdpr_IV_35.7.d,gdpr_IV_32.2,hipaa_164.312.b,nist_800_53_AU.14,nist_800_53_AC.7,tsc_CC6.1,tsc_CC6.8,tsc_CC7.2,tsc_CC7.3,</group>
  </rule>

  <rule id="4337" level="8">
    <if_sid>4312</if_sid>
    <id>^3-201008</id>
    <description>PIX: The PIX is disallowing new connections.</description>
    <mitre>
      <id>T1133</id>
    </mitre>
    <group>service_availability,pci_dss_10.6.1,gpg13_4.12,gdpr_IV_35.7.d,hipaa_164.312.b,nist_800_53_AU.6,tsc_CC7.2,tsc_CC7.3,</group>
  </rule>

  <rule id="4338" level="8">
    <if_sid>4310</if_sid>
    <id>^1-105005|^1-105009|^1-105043</id>
    <match>Failed|Lost Failover</match>
    <description>PIX: Firewall failover pair communication problem.</description>
    <group>service_availability,pci_dss_10.6.1,gpg13_4.12,gdpr_IV_35.7.d,hipaa_164.312.b,nist_800_53_AU.6,tsc_CC7.2,tsc_CC7.3,</group>
  </rule>

  <rule id="4339" level="8">
    <if_sid>4314</if_sid>
    <id>^5-111003</id>
    <description>PIX: Firewall configuration deleted.</description>
    <mitre>
      <id>T1089</id>
    </mitre>
    <group>config_changed,pci_dss_1.1.1,pci_dss_10.4,gpg13_4.13,gdpr_IV_35.7.d,hipaa_164.312.a.1,hipaa_164.312.b,nist_800_53_CM.3,nist_800_53_CM.5,nist_800_53_AU.8,tsc_CC8.1,tsc_CC6.1,tsc_CC6.8,tsc_CC7.2,tsc_CC7.3,</group>
  </rule>

  <rule id="4340" level="8">
    <if_sid>4314</if_sid>
    <id>^5-111005|^5-111004|^5-111002|^5-111007</id>
    <description>PIX: Firewall configuration changed.</description>
    <mitre>
      <id>T1089</id>
    </mitre>
    <group>config_changed,pci_dss_1.1.1,pci_dss_10.4,gpg13_4.13,gdpr_IV_35.7.d,hipaa_164.312.a.1,hipaa_164.312.b,nist_800_53_CM.3,nist_800_53_CM.5,nist_800_53_AU.8,tsc_CC8.1,tsc_CC6.1,tsc_CC6.8,tsc_CC7.2,tsc_CC7.3,</group>
  </rule>

  <rule id="4341" level="3">
    <if_sid>4314</if_sid>
    <id>^5-111008|^7-111009</id>
    <description>PIX: Firewall command executed (for accounting only).</description>
  </rule>

  <rule id="4342" level="8">
    <if_sid>4314</if_sid>
    <id>^5-502101|^5-502102</id>
    <description>PIX: User created or modified on the Firewall.</description>
    <mitre>
      <id>T1089</id>
      <id>T1133</id>
    </mitre>
    <group>adduser,account_changed,pci_dss_8.1.2,pci_dss_10.2.5,gpg13_4.13,gdpr_IV_35.7.d,gdpr_IV_32.2,hipaa_164.312.a.2.I,hipaa_164.312.a.2.II,hipaa_164.312.b,nist_800_53_AC.2,nist_800_53_IA.4,nist_800_53_AU.14,nist_800_53_AC.7,tsc_CC6.8,tsc_CC7.2,tsc_CC7.3,</group>
  </rule>

  <rule id="4380" level="10" frequency="8" timeframe="360">
    <if_matched_sid>4310</if_matched_sid>
    <description>Multiple PIX alert messages.</description>
    <group>pci_dss_10.6.1,pci_dss_11.4,gpg13_4.12,gdpr_IV_35.7.d,hipaa_164.312.b,nist_800_53_AU.6,nist_800_53_SI.4,tsc_CC7.2,tsc_CC7.3,tsc_CC6.1,tsc_CC6.8,</group>
  </rule>

  <rule id="4381" level="10" frequency="8" timeframe="360">
    <if_matched_sid>4311</if_matched_sid>
    <description>PIX: Multiple critical messages.</description>
    <group>pci_dss_10.6.1,pci_dss_11.4,gpg13_4.1,gdpr_IV_35.7.d,hipaa_164.312.b,nist_800_53_AU.6,nist_800_53_SI.4,tsc_CC7.2,tsc_CC7.3,tsc_CC6.1,tsc_CC6.8,</group>
  </rule>

  <rule id="4382" level="10" frequency="10" timeframe="120">
    <if_matched_sid>4312</if_matched_sid>
    <description>PIX: Multiple error messages.</description>
    <group>system_error,pci_dss_10.6.1,pci_dss_11.4,gpg13_4.3,gdpr_IV_35.7.d,hipaa_164.312.b,nist_800_53_AU.6,nist_800_53_SI.4,tsc_CC7.2,tsc_CC7.3,tsc_CC6.1,tsc_CC6.8,</group>
  </rule>

  <rule id="4383" level="10" frequency="10" timeframe="120">
    <if_matched_sid>4313</if_matched_sid>
    <description>PIX: Multiple warning messages.</description>
    <group>pci_dss_10.6.1,gpg13_4.12,gdpr_IV_35.7.d,hipaa_164.312.b,nist_800_53_AU.6,tsc_CC7.2,tsc_CC7.3,</group>
  </rule>

  <rule id="4385" level="10" frequency="10" timeframe="240" ignore="90">
    <if_matched_sid>4333</if_matched_sid>
    <same_source_ip />
    <description>PIX: Multiple attack in progress messages.</description>
    <group>pci_dss_10.6.1,pci_dss_11.4,gpg13_4.12,gdpr_IV_35.7.d,hipaa_164.312.b,nist_800_53_AU.6,nist_800_53_SI.4,tsc_CC7.2,tsc_CC7.3,tsc_CC6.1,tsc_CC6.8,</group>
  </rule>

  <rule id="4386" level="10" frequency="10" timeframe="240">
    <if_matched_sid>4334</if_matched_sid>
    <description>PIX: Multiple AAA (VPN) authentication failures.</description>
    <mitre>
      <id>T1110</id>
      <id>T1133</id>
    </mitre>
    <group>authentication_failures,pci_dss_11.4,pci_dss_10.2.4,pci_dss_10.2.5,gpg13_7.1,gdpr_IV_35.7.d,gdpr_IV_32.2,hipaa_164.312.b,nist_800_53_SI.4,nist_800_53_AU.14,nist_800_53_AC.7,tsc_CC6.1,tsc_CC6.8,tsc_CC7.2,tsc_CC7.3,</group>
    <same_source_ip />
  </rule>
</group>
