<!--
  -  Sonicwall rules
  -  Author: Daniel Cid.
  -  Updated by Wazuh, Inc.
  -  Copyright (C) 2015-2020, Wazuh Inc.
  -  Copyright (C) 2009 Trend Micro Inc.
  -  This program is a free software; you can redistribute it and/or modify it under the terms of GPLv2.
-->

<group name="syslog,sonicwall,">
  <rule id="4800" level="0">
    <decoded_as>sonicwall</decoded_as>
    <description>SonicWall messages grouped.</description>
  </rule>

  <rule id="4801" level="8">
    <if_sid>4800</if_sid>
    <status>^1</status>
    <description>SonicWall critical message.</description>
    <group>gpg13_3.2,gdpr_IV_35.7.d,</group>
  </rule>

  <rule id="4802" level="8">
    <if_sid>4800</if_sid>
    <status>^2</status>
    <description>SonicWall critical message.</description>
    <group>gpg13_3.2,gdpr_IV_35.7.d,</group>
  </rule>

 <rule id="4803" level="4">
    <if_sid>4800</if_sid>
    <status>^3</status>
    <description>SonicWall error message.</description>
    <group>gpg13_3.5,</group>
  </rule>

  <rule id="4804" level="3">
    <if_sid>4800</if_sid>
    <status>^4</status>
    <description>SonicWall warning message.</description>
  </rule>

  <rule id="4805" level="0">
    <if_sid>4800</if_sid>
    <status>^5</status>
    <description>SonicWall notice message.</description>
  </rule>

  <rule id="4806" level="0">
    <if_sid>4800</if_sid>
    <status>^6</status>
    <description>SonicWall informational message.</description>
  </rule>

  <rule id="4807" level="0">
    <if_sid>4800</if_sid>
    <status>^7</status>
    <description>SonicWall debug message.</description>
  </rule>

  <rule id="4810" level="3">
    <if_sid>4806</if_sid>
    <id>^236$</id>
    <description>SonicWall: Firewall administrator login.</description>
    <mitre>
      <id>T1078</id>
    </mitre>
    <group>authentication_success,pci_dss_10.2.5,gpg13_3.6,gdpr_IV_32.2,hipaa_164.312.b,nist_800_53_AU.14,nist_800_53_AC.7,tsc_CC6.8,tsc_CC7.2,tsc_CC7.3,</group>
  </rule>

  <rule id="4811" level="9">
    <if_sid>4801</if_sid>
    <id>^30$|^32$</id>
    <description>SonicWall: Firewall authentication failure.</description>
    <group>authentication_failed,pci_dss_10.2.4,pci_dss_10.2.5,gpg13_3.6,gdpr_IV_35.7.d,gdpr_IV_32.2,hipaa_164.312.b,nist_800_53_AU.14,nist_800_53_AC.7,tsc_CC6.1,tsc_CC6.8,tsc_CC7.2,tsc_CC7.3,</group>
  </rule>

  <rule id="4850" level="10" frequency="8" timeframe="120" ignore="60">
    <if_matched_sid>4804</if_matched_sid>
    <description>SonicWall: Multiple firewall warning messages.</description>
    <group>service_availability,pci_dss_10.6.1,gdpr_IV_35.7.d,hipaa_164.312.b,nist_800_53_AU.6,tsc_CC7.2,tsc_CC7.3,</group>
  </rule>

  <rule id="4851" level="10" frequency="8" timeframe="120" ignore="60">
    <if_matched_sid>4803</if_matched_sid>
    <description>SonicWall: Multiple firewall error messages.</description>
    <mitre>
      <id>T1499</id>
    </mitre>
    <group>service_availability,pci_dss_10.6.1,gpg13_3.5,gdpr_IV_35.7.d,hipaa_164.312.b,nist_800_53_AU.6,tsc_CC7.2,tsc_CC7.3,</group>
  </rule>
</group>
