<!--
  -  Unix pam rules
  -  Author: Daniel Cid.
  -  Updated by Wazuh, Inc.
  -  Copyright (C) 2015-2020, Wazuh Inc.
  -  Copyright (C) 2009 Trend Micro Inc.
  -  This program is a free software; you can redistribute it and/or modify it under the terms of GPLv2.
-->

<group name="pam,syslog,">
  <rule id="5500" level="0" noalert="1">
    <decoded_as>pam</decoded_as>
    <description>Grouping of the pam_unix rules.</description>
  </rule>

  <rule id="5501" level="3">
    <if_sid>5500</if_sid>
    <match>session opened for user </match>
    <description>PAM: Login session opened.</description>
    <mitre>
      <id>T1078</id>
    </mitre>
    <group>authentication_success,pci_dss_10.2.5,gpg13_7.8,gpg13_7.9,gdpr_IV_32.2,hipaa_164.312.b,nist_800_53_AU.14,nist_800_53_AC.7,tsc_CC6.8,tsc_CC7.2,tsc_CC7.3,</group>
  </rule>

  <rule id="5502" level="3">
    <if_sid>5500</if_sid>
    <match>session closed for user </match>
    <description>PAM: Login session closed.</description>
    <group>pci_dss_10.2.5,gpg13_7.8,gpg13_7.9,gdpr_IV_32.2,hipaa_164.312.b,nist_800_53_AU.14,nist_800_53_AC.7,tsc_CC6.8,tsc_CC7.2,tsc_CC7.3,</group>
  </rule>

  <rule id="5503" level="5">
    <if_sid>5500</if_sid>
    <match>authentication failure; logname=</match>
    <description>PAM: User login failed.</description>
    <group>authentication_failed,pci_dss_10.2.4,pci_dss_10.2.5,gpg13_7.8,gdpr_IV_35.7.d,gdpr_IV_32.2,hipaa_164.312.b,nist_800_53_AU.14,nist_800_53_AC.7,tsc_CC6.1,tsc_CC6.8,tsc_CC7.2,tsc_CC7.3,</group>
  </rule>

  <rule id="5504" level="5">
    <if_sid>5500</if_sid>
    <match>check pass; user unknown</match>
    <description>PAM: Attempt to login with an invalid user.</description>
    <group>invalid_login,pci_dss_10.2.4,pci_dss_10.2.5,gpg13_7.8,gdpr_IV_35.7.d,gdpr_IV_32.2,hipaa_164.312.b,nist_800_53_AU.14,nist_800_53_AC.7,tsc_CC6.1,tsc_CC6.8,tsc_CC7.2,tsc_CC7.3,</group>
  </rule>

  <!-- Ignoring Annoying Ubuntu/debian cron login events. -->
  <rule id="5521" level="0">
    <if_sid>5501</if_sid>
    <program_name>^CRON$</program_name>
    <match>^pam_unix(cron:session): session opened for user </match>
    <description>PAM: Ignoring Annoying Ubuntu/debian cron login events.</description>
  </rule>

  <rule id="5522" level="0">
    <if_sid>5502</if_sid>
    <program_name>^CRON$</program_name>
    <match>^pam_unix(cron:session): session closed for user </match>
    <description>PAM: Ignoring Annoying Ubuntu/debian cron login events.</description>
  </rule>

  <rule id="5523" level="0">
    <if_sid>5504</if_sid>
    <regex>^pam_unix\S+: check pass; user unknown$</regex>
    <description>PAM: Ignoring events with a user or a password.</description>
  </rule>

  <rule id="5551" level="10" frequency="8" timeframe="180">
    <if_matched_sid>5503</if_matched_sid>
    <same_source_ip />
    <description>PAM: Multiple failed logins in a small period of time.</description>
    <mitre>
      <id>T1110</id>
    </mitre>
    <group>authentication_failures,pci_dss_10.2.4,pci_dss_10.2.5,pci_dss_11.4,gpg13_7.8,gdpr_IV_35.7.d,gdpr_IV_32.2,hipaa_164.312.b,nist_800_53_AU.14,nist_800_53_AC.7,nist_800_53_SI.4,tsc_CC6.1,tsc_CC6.8,tsc_CC7.2,tsc_CC7.3,</group>
  </rule>

  <rule id="5552" level="0">
    <if_sid>5500</if_sid>
    <match>gdm:auth): conversation failed</match>
    <description>PAM and gdm are not playing nicely.</description>
  </rule>

   <rule id="5553" level="4">
    <program_name>login</program_name>
    <match>cannot open shared object file: No such file or directory</match>
    <description>PAM misconfiguration.</description>
    <group>pci_dss_10.6.1,gpg13_4.3,gdpr_IV_35.7.d,hipaa_164.312.b,nist_800_53_AU.6,tsc_CC7.2,tsc_CC7.3,</group>
  </rule>

  <rule id="5554" level="4">
    <program_name>login</program_name>
    <match>illegal module type: </match>
    <description>PAM misconfiguration.</description>
    <group>pci_dss_10.6.1,gpg13_4.3,gdpr_IV_35.7.d,hipaa_164.312.b,nist_800_53_AU.6,tsc_CC7.2,tsc_CC7.3,</group>
  </rule>

  <rule id="5555" level="3">
    <match>: password changed for</match>
    <description>PAM: User changed password.</description>
    <group>pci_dss_8.1.2,pci_dss_10.2.5,gpg13_4.13,gpg13_7.10,gdpr_IV_35.7.d,gdpr_IV_32.2,hipaa_164.312.a.2.I,hipaa_164.312.a.2.II,hipaa_164.312.b,nist_800_53_AC.2,nist_800_53_IA.4,nist_800_53_AU.14,nist_800_53_AC.7,tsc_CC6.8,tsc_CC7.2,tsc_CC7.3,</group>
  </rule>

  <rule id="5556" level="0">
    <decoded_as>unix_chkpwd</decoded_as>
    <description>unix_chkpwd grouping.</description>
  </rule>

  <rule id="5557" level="5">
    <if_sid>5556</if_sid>
    <match>password check failed </match>
    <description>unix_chkpwd: Password check failed.</description>
    <group>authentication_failed,pci_dss_10.2.4,pci_dss_10.2.5,gpg13_4.3,gdpr_IV_35.7.d,gdpr_IV_32.2,hipaa_164.312.b,nist_800_53_AU.14,nist_800_53_AC.7,tsc_CC6.1,tsc_CC6.8,tsc_CC7.2,tsc_CC7.3,</group>
  </rule>

</group>
