<!--
  -  Horde IMP rules
  -  Author: Daniel Cid.
  -  Updated by Wazuh, Inc.
  -  Copyright (C) 2015-2020, Wazuh Inc.
  -  Copyright (C) 2009 Trend Micro Inc.
  -  This program is a free software; you can redistribute it and/or modify it under the terms of GPLv2.
-->

<group name="syslog,hordeimp,">
  <rule id="9300" level="0">
    <decoded_as>horde_imp</decoded_as>
    <description>Grouping for the Horde imp rules.</description>
  </rule>

  <rule id="9301" level="0">
    <if_sid>9300</if_sid>
    <match>^[info]</match>
    <description>Horde IMP informational message.</description>
  </rule>

  <rule id="9302" level="3">
    <if_sid>9300</if_sid>
    <match>^[notice]</match>
    <description>Horde IMP notice message.</description>
  </rule>

  <rule id="9303" level="5">
    <if_sid>9300</if_sid>
    <match>^[error]</match>
    <description>Horde IMP error message.</description>
    <group>gdpr_IV_35.7.d,</group>
  </rule>

  <rule id="9304" level="9" ignore="60">
    <if_sid>9300</if_sid>
    <match>^[emergency]</match>
    <description>Horde IMP emergency message.</description>
    <group>service_availability,gdpr_IV_35.7.d,</group>
  </rule>

  <rule id="9305" level="3">
    <if_sid>9302</if_sid>
    <match>Login success for </match>
    <description>Horde IMP successful login.</description>
    <mitre>
      <id>T1078</id>
    </mitre>
    <group>authentication_success,pci_dss_10.2.5,gpg13_7.1,gpg13_7.2,gdpr_IV_32.2,hipaa_164.312.b,nist_800_53_AU.14,nist_800_53_AC.7,tsc_CC6.8,tsc_CC7.2,tsc_CC7.3,</group>
  </rule>

  <rule id="9306" level="5">
    <if_sid>9303</if_sid>
    <match>FAILED LOGIN </match>
    <description>Horde IMP Failed login.</description>
    <group>authentication_failed,pci_dss_10.2.4,pci_dss_10.2.5,gpg13_7.1,gdpr_IV_35.7.d,gdpr_IV_32.2,hipaa_164.312.b,nist_800_53_AU.14,nist_800_53_AC.7,tsc_CC6.1,tsc_CC6.8,tsc_CC7.2,tsc_CC7.3,</group>
  </rule>

  <rule id="9351" level="10" frequency="8" timeframe="120">
    <if_matched_sid>9306</if_matched_sid>
    <same_source_ip />
    <description>Horde brute force (multiple failed logins).</description>
    <mitre>
      <id>T1110</id>
    </mitre>
    <group>authentication_failures,pci_dss_10.2.4,pci_dss_10.2.5,pci_dss_11.4,gpg13_7.1,gdpr_IV_35.7.d,gdpr_IV_32.2,hipaa_164.312.b,nist_800_53_AU.14,nist_800_53_AC.7,nist_800_53_SI.4,tsc_CC6.1,tsc_CC6.8,tsc_CC7.2,tsc_CC7.3,</group>
  </rule>

  <rule id="9352" level="10" frequency="6" timeframe="320">
    <if_matched_sid>9304</if_matched_sid>
    <description>Multiple Horde emergency messages.</description>
    <mitre>
      <id>T1499</id>
    </mitre>
    <group>service_availability,pci_dss_10.6.1,gpg13_4.1,gdpr_IV_35.7.d,hipaa_164.312.b,nist_800_53_AU.6,tsc_CC7.2,tsc_CC7.3,</group>
  </rule>

</group>
