<!--
  -  vpopmail rules
  -  Author: Daniel Cid.
  -  Author: Ceg Ryan <cegryan ( at ) gmail.com>.
  -  Updated by Wazuh, Inc.
  -  Copyright (C) 2015-2020, Wazuh Inc.
  -  Copyright (C) 2009 Trend Micro Inc.
  -  This program is a free software; you can redistribute it and/or modify it under the terms of GPLv2.
-->

<group name="syslog,vpopmail,">
  <rule id="9900" level="0">
    <decoded_as>vpopmail</decoded_as>
    <description>Grouping for the vpopmail rules.</description>
  </rule>

  <rule id="9901" level="5">
    <if_sid>9900</if_sid>
    <match> password fail </match>
    <group>authentication_failed,pci_dss_10.2.4,pci_dss_10.2.5,gpg13_7.1,gdpr_IV_35.7.d,gdpr_IV_32.2,hipaa_164.312.b,nist_800_53_AU.14,nist_800_53_AC.7,tsc_CC6.1,tsc_CC6.8,tsc_CC7.2,tsc_CC7.3,</group>
    <description>vpopmail: Login failed.</description>
  </rule>

  <rule id="9902" level="5">
    <if_sid>9900</if_sid>
    <match> vpopmail user not found </match>
    <group>invalid_login,pci_dss_10.2.4,pci_dss_10.2.5,gpg13_7.1,gdpr_IV_35.7.d,gdpr_IV_32.2,hipaa_164.312.b,nist_800_53_AU.14,nist_800_53_AC.7,tsc_CC6.1,tsc_CC6.8,tsc_CC7.2,tsc_CC7.3,</group>
    <description>vpopmail: Attempt to login to vpopmail with invalid username.</description>
  </rule>

  <rule id="9903" level="5">
    <if_sid>9900</if_sid>
    <match> null password given </match>
    <group>authentication_failed,pci_dss_10.2.4,pci_dss_10.2.5,gpg13_7.1,gdpr_IV_35.7.d,gdpr_IV_32.2,hipaa_164.312.b,nist_800_53_AU.14,nist_800_53_AC.7,tsc_CC6.1,tsc_CC6.8,tsc_CC7.2,tsc_CC7.3,</group>
    <description>vpopmail: Attempt to login to vpopmail with empty password.</description>
  </rule>

  <rule id="9904" level="3">
    <if_sid>9900</if_sid>
    <match> login success </match>
    <group>authentication_success,pci_dss_10.2.5,gpg13_7.1,gpg13_7.2,gdpr_IV_32.2,hipaa_164.312.b,nist_800_53_AU.14,nist_800_53_AC.7,tsc_CC6.8,tsc_CC7.2,tsc_CC7.3,</group>
    <description>vpopmail: successful login.</description>
    <mitre>
      <id>T1078</id>
    </mitre>
  </rule>

  <rule id="9951" level="10" frequency="10" timeframe="240">
    <if_matched_sid>9901</if_matched_sid>
    <same_source_ip />
    <description>vpopmail: brute force (multiple failed logins).</description>
    <mitre>
      <id>T1110</id>
      <id>T1114</id>
    </mitre>
    <group>authentication_failures,pci_dss_10.2.4,pci_dss_10.2.5,pci_dss_11.4,gpg13_7.1,gdpr_IV_35.7.d,gdpr_IV_32.2,hipaa_164.312.b,nist_800_53_AU.14,nist_800_53_AC.7,nist_800_53_SI.4,tsc_CC6.1,tsc_CC6.8,tsc_CC7.2,tsc_CC7.3,</group>
  </rule>

  <rule id="9952" level="10" frequency="10" timeframe="240">
    <if_matched_sid>9902</if_matched_sid>
    <same_source_ip />
    <description>vpopmail: brute force (email harvesting).</description>
    <mitre>
      <id>T1110</id>
      <id>T1114</id>
    </mitre>
    <group>authentication_failures,pci_dss_10.2.4,pci_dss_10.2.5,pci_dss_11.4,gpg13_7.1,gdpr_IV_35.7.d,gdpr_IV_32.2,hipaa_164.312.b,nist_800_53_AU.14,nist_800_53_AC.7,nist_800_53_SI.4,tsc_CC6.1,tsc_CC6.8,tsc_CC7.2,tsc_CC7.3,</group>
  </rule>

  <rule id="9953" level="10" frequency="10" timeframe="240">
    <if_matched_sid>9903</if_matched_sid>
    <same_source_ip />
    <description>vpopmail: brute force (empty password).</description>
    <mitre>
      <id>T1110</id>
      <id>T1114</id>
    </mitre>
    <group>authentication_failures,pci_dss_10.2.4,pci_dss_10.2.5,pci_dss_11.4,gpg13_7.1,gdpr_IV_35.7.d,gdpr_IV_32.2,hipaa_164.312.b,nist_800_53_AU.14,nist_800_53_AC.7,nist_800_53_SI.4,tsc_CC6.1,tsc_CC6.8,tsc_CC7.2,tsc_CC7.3,</group>
  </rule>

</group>
