<!--
  -  Ftpd rules
  -  Author: Daniel Cid.
  -  Author: Ahmet Ozturk.
  -  Updated by Wazuh, Inc.
  -  Copyright (C) 2015-2020, Wazuh Inc.
  -  Copyright (C) 2009 Trend Micro Inc.
  -  This program is a free software; you can redistribute it and/or modify it under the terms of GPLv2.
-->

<group name="syslog,ftpd,">
  <rule id="11100" level="0" noalert="1">
    <decoded_as>ftpd</decoded_as>
    <description>Grouping for the ftpd rules.</description>
  </rule>

  <rule id="11101" level="5">
    <if_sid>11100</if_sid>
    <match>FTP LOGIN REFUSED</match>
    <description>FTPD: connection refused.</description>
    <group>authentication_failed,access_denied,pci_dss_10.2.4,pci_dss_10.2.5,gdpr_IV_35.7.d,gdpr_IV_32.2,hipaa_164.312.b,nist_800_53_AU.14,nist_800_53_AC.7,tsc_CC6.1,tsc_CC6.8,tsc_CC7.2,tsc_CC7.3,</group>
  </rule>

  <rule id="11102" level="0">
    <if_sid>11100</if_sid>
    <match> created </match>
    <description>FTPD: File created via FTP</description>
  </rule>

  <rule id="11103" level="0">
    <if_sid>11100</if_sid>
    <match> deleted </match>
    <description>FTPD: File deleted via FTP</description>
  </rule>

  <rule id="11104" level="0">
    <if_sid>11100</if_sid>
    <match>FTPD: IMPORT file</match>
    <description>FTPD: User uploaded a file to server.</description>
  </rule>

  <rule id="11105" level="0">
    <if_sid>11100</if_sid>
    <match>FTPD: EXPORT file</match>
    <description>FTPD: User downloaded a file to server.</description>
  </rule>

  <rule id="11106" level="3">
    <if_sid>11100</if_sid>
    <match>FTP LOGIN FROM|connection from|connect from</match>
    <group>connection_attempt,pci_dss_10.2.1,gdpr_IV_35.7.d,hipaa_164.312.b,nist_800_53_AU.14,tsc_CC6.1,tsc_CC6.8,tsc_CC7.2,tsc_CC7.3,</group>
    <description>FTPD: Remote host connected to FTP server.,</description>
  </rule>

  <rule id="11107" level="5">
    <if_sid>11100</if_sid>
    <match>refused connect from</match>
    <group>access_denied,pci_dss_10.2.4,gdpr_IV_35.7.d,hipaa_164.312.b,nist_800_53_AU.14,nist_800_53_AC.7,tsc_CC6.1,tsc_CC6.8,tsc_CC7.2,tsc_CC7.3,</group>
    <description>FTPD: Connection blocked by Tcp Wrappers.</description>
    <mitre>
      <id>T1095</id>
    </mitre>
  </rule>

  <rule id="11108" level="5">
    <if_sid>11100</if_sid>
    <match>warning: can't verify hostname: |gethostbyaddr: </match>
    <description>FTPD: Reverse lookup error (bad ISP config).</description>
    <group>client_misconfig,</group>
  </rule>

  <rule id="11109" level="10">
    <if_sid>11100</if_sid>
    <match>repeated login failures</match>
    <description>FTPD: Multiple FTP failed login attempts.</description>
    <mitre>
      <id>T1110</id>
    </mitre>
    <group>authentication_failures,pci_dss_10.2.4,pci_dss_10.2.5,pci_dss_11.4,gpg13_7.1,gdpr_IV_35.7.d,gdpr_IV_32.2,hipaa_164.312.b,nist_800_53_AU.14,nist_800_53_AC.7,nist_800_53_SI.4,tsc_CC6.1,tsc_CC6.8,tsc_CC7.2,tsc_CC7.3,</group>
  </rule>

  <rule id="11110" level="3">
    <if_sid>11100</if_sid>
    <match>timed out after</match>
    <description>FTPD: User disconnected due to time out.</description>
    <group>pci_dss_8.1.5,gdpr_IV_35.7.d,hipaa_164.312.a.1,nist_800_53_AC.2,tsc_CC6.1,</group>
  </rule>

  <rule id="11111" level="9">
    <if_sid>11100</if_sid>
    <match>PAM_ERROR_MSG: Account is disabled</match>
    <description>FTPD: Attempt to login with disabled account.</description>
    <mitre>
      <id>T1110</id>
    </mitre>
    <group>authentication_failed,pci_dss_10.2.4,pci_dss_10.2.5,pci_dss_8.1.4,gpg13_7.1,gdpr_IV_35.7.d,gdpr_IV_32.2,hipaa_164.312.b,hipaa_164.312.a.1,nist_800_53_AU.14,nist_800_53_AC.7,nist_800_53_AC.2,tsc_CC6.1,tsc_CC6.8,tsc_CC7.2,tsc_CC7.3,tsc_CC6.2,tsc_CC6.3,tsc_CC6.4,</group>
  </rule>

  <rule id="11112" level="5">
    <if_sid>11100</if_sid>
    <match>^Failed authentication from</match>
    <description>FTPD: authentication failure.</description>
    <group>authentication_failed,pci_dss_10.2.4,pci_dss_10.2.5,gpg13_7.1,gdpr_IV_35.7.d,gdpr_IV_32.2,hipaa_164.312.b,nist_800_53_AU.14,nist_800_53_AC.7,tsc_CC6.1,tsc_CC6.8,tsc_CC7.2,tsc_CC7.3,</group>
  </rule>

  <rule id="11113" level="5">
    <if_sid>11100</if_sid>
    <regex>^login \S+ from \S+ failed</regex>
    <description>FTPD: authentication failure.</description>
    <group>authentication_failed,pci_dss_10.2.4,pci_dss_10.2.5,gpg13_7.1,gdpr_IV_35.7.d,gdpr_IV_32.2,hipaa_164.312.b,nist_800_53_AU.14,nist_800_53_AC.7,tsc_CC6.1,tsc_CC6.8,tsc_CC7.2,tsc_CC7.3,</group>
  </rule>
</group>
