<!--
  -  Vsftpd rules
  -  Author: Daniel Cid.
  -  Author: Joachim Vorrath <joachim.vorrath@vorrath-net.de>.
  -  Author: Jorge Augusto Senger <jorge@br10.com.br>.
  -  Updated by Wazuh, Inc.
  -  Copyright (C) 2015-2020, Wazuh Inc.
  -  Copyright (C) 2009 Trend Micro Inc.
  -  This program is a free software; you can redistribute it and/or modify it under the terms of GPLv2.
-->

<group name="syslog,vsftpd,">
  <rule id="11400" level="0" noalert="1">
    <decoded_as>vsftpd</decoded_as>
    <description>Grouping for the vsftpd rules.</description>
  </rule>

  <rule id="11401" level="3">
    <if_sid>11400</if_sid>
    <match>CONNECT: Client</match>
    <group>connection_attempt,</group>
    <description>vsftpd: FTP session opened.</description>
  </rule>

  <rule id="11402" level="3">
    <if_sid>11400</if_sid>
    <match>OK LOGIN: </match>
    <description>vsftpd: FTP Authentication success.</description>
    <mitre>
      <id>T1078</id>
    </mitre>
    <group>authentication_success,pci_dss_10.2.5,gpg13_7.1,gpg13_7.2,gdpr_IV_32.2,hipaa_164.312.b,nist_800_53_AU.14,nist_800_53_AC.7,tsc_CC6.8,tsc_CC7.2,tsc_CC7.3,</group>
  </rule>

  <rule id="11403" level="5">
    <if_sid>11400</if_sid>
    <match>FAIL LOGIN: </match>
    <description>vsftpd: Login failed accessing the FTP server.</description>
    <group>authentication_failed,pci_dss_10.2.4,pci_dss_10.2.5,gpg13_7.1,gdpr_IV_35.7.d,gdpr_IV_32.2,hipaa_164.312.b,nist_800_53_AU.14,nist_800_53_AC.7,tsc_CC6.1,tsc_CC6.8,tsc_CC7.2,tsc_CC7.3,</group>
  </rule>

  <rule id="11404" level="0">
    <if_sid>11400</if_sid>
    <match>OK UPLOAD: </match>
    <description>vsftpd: FTP server file upload.</description>
  </rule>

  <rule id="11451" level="10" frequency="8" timeframe="120">
    <if_matched_sid>11403</if_matched_sid>
    <same_source_ip />
    <description>vsftpd: FTP brute force (multiple failed logins).</description>
    <mitre>
      <id>T1110</id>
    </mitre>
    <group>authentication_failures,pci_dss_10.2.4,pci_dss_10.2.5,pci_dss_11.4,gpg13_7.1,gdpr_IV_35.7.d,gdpr_IV_32.2,hipaa_164.312.b,nist_800_53_AU.14,nist_800_53_AC.7,nist_800_53_SI.4,tsc_CC6.1,tsc_CC6.8,tsc_CC7.2,tsc_CC7.3,</group>
  </rule>

  <rule id="11452" level="10" frequency="12" timeframe="60">
    <if_matched_sid>11401</if_matched_sid>
    <same_source_ip />
    <description>vsftpd: Multiple FTP connection attempts from </description>
    <description>same source IP.</description>
    <mitre>
      <id>T1110</id>
    </mitre>
    <group>recon,pci_dss_11.4,gdpr_IV_35.7.d,nist_800_53_SI.4,tsc_CC6.1,tsc_CC6.8,tsc_CC7.2,tsc_CC7.3,</group>
  </rule>

</group>
