<!--
  -  Microsoft FTP rules
  -  Author: Daniel Cid.
  -  Updated by Wazuh, Inc.
  -  Copyright (C) 2015-2020, Wazuh Inc.
  -  Copyright (C) 2009 Trend Micro Inc.
  -  This program is a free software; you can redistribute it and/or modify it under the terms of GPLv2.
-->

<group name="syslog,msftp,">
  <rule id="11500" level="0">
    <decoded_as>msftp</decoded_as>
    <description>Grouping for the Microsoft ftp rules.</description>
  </rule>

  <rule id="11501" level="3">
    <if_sid>11500</if_sid>
    <action>USER</action>
    <description>MS-FTP: New FTP connection.</description>
    <group>connection_attempt,</group>
  </rule>

  <rule id="11502" level="5">
    <if_sid>11500</if_sid>
    <action>PASS</action>
    <id>530</id>
    <description>MS-FTP: FTP Authentication failed.</description>
    <group>authentication_failed,pci_dss_10.2.4,pci_dss_10.2.5,gpg13_7.1,gdpr_IV_35.7.d,gdpr_IV_32.2,hipaa_164.312.b,nist_800_53_AU.14,nist_800_53_AC.7,tsc_CC6.1,tsc_CC6.8,tsc_CC7.2,tsc_CC7.3,</group>
  </rule>

  <rule id="11503" level="3">
    <if_sid>11500</if_sid>
    <action>PASS</action>
    <id>230</id>
    <description>MS-FTP: FTP Authentication success.</description>
    <mitre>
      <id>T1078</id>
    </mitre>
    <group>authentication_success,pci_dss_10.2.5,gpg13_7.1,gpg13_7.2,gdpr_IV_32.2,hipaa_164.312.b,nist_800_53_AU.14,nist_800_53_AC.7,tsc_CC6.8,tsc_CC7.2,tsc_CC7.3,</group>
  </rule>

  <rule id="11504" level="4">
    <if_sid>11500</if_sid>
    <id>^5</id>
    <description>MS-FTP: FTP client request failed.</description>
  </rule>

  <rule id="11510" level="10" frequency="8" timeframe="120">
    <if_matched_sid>11502</if_matched_sid>
    <same_source_ip />
    <description>MS-FTP: FTP brute force (multiple failed logins).</description>
    <mitre>
      <id>T1110</id>
    </mitre>
    <group>authentication_failures,pci_dss_10.2.4,pci_dss_10.2.5,pci_dss_11.4,gpg13_7.1,gdpr_IV_35.7.d,gdpr_IV_32.2,hipaa_164.312.b,nist_800_53_AU.14,nist_800_53_AC.7,nist_800_53_SI.4,tsc_CC6.1,tsc_CC6.8,tsc_CC7.2,tsc_CC7.3,</group>
  </rule>

  <rule id="11511" level="10" frequency="10" timeframe="30">
    <if_matched_sid>11501</if_matched_sid>
    <same_source_ip />
    <description>MS-FTP: Multiple connection attempts from same source.</description>
    <mitre>
      <id>T1110</id>
    </mitre>
    <group>recon,pci_dss_10.2.4,pci_dss_10.2.5,pci_dss_11.4,gdpr_IV_35.7.d,gdpr_IV_32.2,hipaa_164.312.b,nist_800_53_AU.14,nist_800_53_AC.7,nist_800_53_SI.4,tsc_CC6.1,tsc_CC6.8,tsc_CC7.2,tsc_CC7.3,</group>
  </rule>

  <rule id="11512" level="10" frequency="8" timeframe="120">
    <if_matched_sid>11504</if_matched_sid>
    <same_source_ip />
    <description>MS-FTP: Multiple FTP errors from same source.</description>
    <mitre>
      <id>T1021</id>
      <id>T1043</id>
    </mitre>
    <group>pci_dss_10.6.1,gdpr_IV_35.7.d,hipaa_164.312.b,nist_800_53_AU.6,tsc_CC7.2,tsc_CC7.3,</group>
  </rule>
</group>
