<!--
  -  SMB rules
  -  Author: Daniel Cid.
  -  Updated by Wazuh, Inc.
  -  Copyright (C) 2015-2020, Wazuh Inc.
  -  Copyright (C) 2009 Trend Micro Inc.
  -  This program is a free software; you can redistribute it and/or modify it under the terms of GPLv2.
-->

<group name="syslog,smbd,">
  <rule id="13100" level="0" noalert="1">
    <decoded_as>smbd</decoded_as>
    <description>Grouping for the smbd rules.</description>
  </rule>

  <rule id="13101" level="0">
    <if_sid>13100</if_sid>
    <match>getpeername failed. Error was Transport endpoint</match>
    <description>Samba network problems.</description>
  </rule>

  <rule id="13102" level="5">
    <if_sid>13100</if_sid>
    <match>Denied connection from|Connection denied from</match>
    <description>Samba connection denied.</description>
    <group>access_denied,pci_dss_10.2.4,gdpr_IV_35.7.d,hipaa_164.312.b,nist_800_53_AU.14,nist_800_53_AC.7,tsc_CC6.1,tsc_CC6.8,tsc_CC7.2,tsc_CC7.3,</group>
  </rule>

  <rule id="13103" level="0">
    <if_sid>13100</if_sid>
    <match>Connection reset by peer</match>
    <description>Samba network problems.</description>
  </rule>

  <rule id="13104" level="5">
    <if_sid>13100</if_sid>
    <match>Permission denied--</match>
    <description>Samba: User action denied by configuration.</description>
    <group>access_denied,pci_dss_10.2.4,pci_dss_10.2.5,gdpr_IV_35.7.d,gdpr_IV_32.2,hipaa_164.312.b,nist_800_53_AU.14,nist_800_53_AC.7,tsc_CC6.1,tsc_CC6.8,tsc_CC7.2,tsc_CC7.3,</group>
  </rule>

  <rule id="13105" level="3">
    <if_sid>13100</if_sid>
    <match>Unable to connect to CUPS server</match>
    <description>Samba network problems (unable to connect).</description>
  </rule>

  <rule id="13106" level="0" noalert="1">
    <decoded_as>nmbd</decoded_as>
    <description>Grouping for the nmbd rules.</description>
  </rule>

  <rule id="13108" level="1">
    <if_sid>13100</if_sid>
    <match>smbd is already running</match>
    <description>Samba: An attempt has been made to start smbd but the process is already running.</description>
    <group>pci_dss_10.6.1,gdpr_IV_35.7.d,hipaa_164.312.b,nist_800_53_AU.6,tsc_CC7.2,tsc_CC7.3,</group>
  </rule>

  <rule id="13109" level="1">
    <if_sid>13106</if_sid>
    <match>nmbd is already running</match>
    <description>Samba: An attempt has been made to start nmbd but the process is already running.</description>
    <group>pci_dss_10.6.1,gdpr_IV_35.7.d,hipaa_164.312.b,nist_800_53_AU.6,tsc_CC7.2,tsc_CC7.3,</group>
  </rule>

  <rule id="13110" level="3">
    <if_sid>13100</if_sid>
    <match>Connection denied from</match>
    <description>Samba: Connection was denied.</description>
    <group>pci_dss_10.2.4,gdpr_IV_35.7.d,hipaa_164.312.b,nist_800_53_AU.14,nist_800_53_AC.7,tsc_CC6.1,tsc_CC6.8,tsc_CC7.2,tsc_CC7.3,</group>
  </rule>

  <rule id="13111" level="3">
    <if_sid>13100</if_sid>
    <match>Socket is not connected</match>
    <description>Samba: Socket is not connected, write failed.</description>
  </rule>

  <rule id="13112" level="3">
    <decoded_as>kernel</decoded_as>
    <match>gvfsd-smb</match>
    <regex>segfault at \S+ ip \S+ sp \S+ error \d+ in</regex>
    <description>Samba: Segfault in gvfs-smb.</description>
    <group>pci_dss_6.5.2,pci_dss_11.4,pci_dss_6.2,gdpr_IV_35.7.d,nist_800_53_SA.11,nist_800_53_SI.4,nist_800_53_SI.2,tsc_CC6.6,tsc_CC7.1,tsc_CC6.1,tsc_CC6.8,tsc_CC7.2,tsc_CC7.3,</group>
  </rule>

</group>
