<!--
  -  VMWare ESX rules
  -  Author: Daniel Cid.
  -  Updated by Wazuh, Inc.
  -  Copyright (C) 2015-2020, Wazuh Inc.
  -  Copyright (C) 2009 Trend Micro Inc.
  -  This program is a free software; you can redistribute it and/or modify it under the terms of GPLv2.
-->

<group name="vmware,">
  <rule id="19100" level="0">
    <decoded_as>vmware</decoded_as>
    <description>VMWare messages grouped.</description>
  </rule>

  <rule id="19101" level="0">
    <decoded_as>vmware-syslog</decoded_as>
    <description>VMWare ESX syslog messages grouped.</description>
  </rule>

  <rule id="19102" level="8">
    <if_sid>19100</if_sid>
    <status>^crit|^fatal</status>
    <description>VMware ESX critical message.</description>
    <group>gpg13_4.1,gdpr_IV_35.7.d,</group>
  </rule>

 <rule id="19103" level="4">
    <if_sid>19100</if_sid>
    <status>^error</status>
    <description>VMware ESX error message.</description>
    <group>gpg13_4.3,</group>
  </rule>

  <rule id="19104" level="3">
    <if_sid>19100</if_sid>
    <status>^warn</status>
    <description>VMware ESX warning message.</description>
    <group>gpg13_4.12,</group>
  </rule>

  <rule id="19105" level="0">
    <if_sid>19100</if_sid>
    <status>^notice</status>
    <description>VMware ESX notice message.</description>
  </rule>

  <rule id="19106" level="0">
    <if_sid>19100</if_sid>
    <status>^info</status>
    <description>VMware ESX informational message.</description>
  </rule>

  <rule id="19107" level="0">
    <if_sid>19100</if_sid>
    <status>^verbose</status>
    <description>VMware ESX verbose message.</description>
  </rule>


  <!-- Authentication messages. -->

  <rule id="19110" level="3">
    <if_sid>19106</if_sid>
    <match>logged in$</match>
    <description>VMWare ESX authentication success.</description>
    <mitre>
      <id>T1078</id>
    </mitre>
    <group>authentication_success,pci_dss_10.2.5,gpg13_7.1,gpg13_7.2,gdpr_IV_32.2,hipaa_164.312.b,nist_800_53_AU.14,nist_800_53_AC.7,tsc_CC6.8,tsc_CC7.2,tsc_CC7.3,</group>
  </rule>

  <rule id="19111" level="5">
    <if_sid>19106</if_sid>
    <match>Failed login attempt for</match>
    <description>VMWare ESX authentication failure.</description>
    <group>authentication_failed,pci_dss_10.2.4,pci_dss_10.2.5,gpg13_7.1,gdpr_IV_35.7.d,gdpr_IV_32.2,hipaa_164.312.b,nist_800_53_AU.14,nist_800_53_AC.7,tsc_CC6.1,tsc_CC6.8,tsc_CC7.2,tsc_CC7.3,</group>
  </rule>

  <rule id="19112" level="3">
    <if_sid>19101</if_sid>
    <program_name>vmware-hostd|vmware-authd</program_name>
    <match>Accepted password for|login from</match>
    <description>VMWare ESX user login.</description>
    <mitre>
      <id>T1078</id>
    </mitre>
    <group>authentication_success,pci_dss_10.2.5,gpg13_7.1,gpg13_7.2,gdpr_IV_32.2,hipaa_164.312.b,nist_800_53_AU.14,nist_800_53_AC.7,tsc_CC6.8,tsc_CC7.2,tsc_CC7.3,</group>
  </rule>

  <rule id="19113" level="3">
    <if_sid>19101</if_sid>
    <program_name>vmware-hostd|vmware-authd</program_name>
    <match>Rejected password for</match>
    <description>VMWare ESX user authentication failure.</description>
    <group>authentication_failed,pci_dss_10.2.4,pci_dss_10.2.5,gpg13_7.1,gdpr_IV_35.7.d,gdpr_IV_32.2,hipaa_164.312.b,nist_800_53_AU.14,nist_800_53_AC.7,tsc_CC6.1,tsc_CC6.8,tsc_CC7.2,tsc_CC7.3,</group>
  </rule>


  <!-- Guest OS messages. -->
  <rule id="19120" level="8">
    <if_sid>19106</if_sid>
    <match>-> VM_STATE_OFF</match>
    <description>Virtual machine state changed to OFF.</description>
    <mitre>
      <id>T1529</id>
    </mitre>
    <group>service_availability,pci_dss_10.6.1,gpg13_4.13,gdpr_IV_35.7.d,hipaa_164.312.b,nist_800_53_AU.6,tsc_CC7.2,tsc_CC7.3,</group>
  </rule>

  <rule id="19121" level="3">
    <if_sid>19106</if_sid>
    <match>-> VM_STATE_POWERING_ON</match>
    <description>Virtual machine being turned ON.</description>
    <group>gpg13_4.13,</group>
  </rule>

  <rule id="19122" level="3">
    <if_sid>19106</if_sid>
    <match>-> VM_STATE_ON</match>
    <description>Virtual machine state changed to ON.</description>
    <group>gpg13_4.13,</group>
  </rule>

  <rule id="19123" level="5">
    <if_sid>19106</if_sid>
    <match>-> VM_STATE_RECONFIGURING</match>
    <description>Virtual machine being reconfigured.</description>
    <group>config_changed,pci_dss_10.2.7,gpg13_4.13,gdpr_IV_35.7.d,hipaa_164.312.b,nist_800_53_AU.14,tsc_CC6.8,tsc_CC7.2,tsc_CC7.3,</group>
    <options>alert_by_email</options>
  </rule>


  <!-- Composite rules. -->

  <rule id="19150" level="10" frequency="8" timeframe="120" ignore="60">
    <if_matched_sid>19104</if_matched_sid>
    <description>Multiple VMWare ESX warning messages.</description>
    <mitre>
      <id>T1497</id>
    </mitre>
    <group>service_availability,pci_dss_10.6.1,gpg13_4.12,gdpr_IV_35.7.d,hipaa_164.312.b,nist_800_53_AU.6,tsc_CC7.2,tsc_CC7.3,</group>
  </rule>

  <rule id="19151" level="10" frequency="8" timeframe="120" ignore="60">
    <if_matched_sid>19103</if_matched_sid>
    <description>Multiple VMWare ESX error messages.</description>
    <mitre>
      <id>T1497</id>
    </mitre>
    <group>service_availability,pci_dss_10.6.1,gpg13_4.3,gdpr_IV_35.7.d,hipaa_164.312.b,nist_800_53_AU.6,tsc_CC7.2,tsc_CC7.3,</group>
  </rule>

  <rule id="19152" level="10" frequency="8" timeframe="120">
    <if_matched_sid>19111</if_matched_sid>
    <same_source_ip />
    <description>Multiple VMWare ESX authentication failures.</description>
    <mitre>
      <id>T1110</id>
      <id>T1497</id>
    </mitre>
    <group>authentication_failures,pci_dss_10.2.4,pci_dss_10.2.5,pci_dss_11.4,gpg13_7.1,gdpr_IV_35.7.d,gdpr_IV_32.2,hipaa_164.312.b,nist_800_53_AU.14,nist_800_53_AC.7,nist_800_53_SI.4,tsc_CC6.1,tsc_CC6.8,tsc_CC7.2,tsc_CC7.3,</group>
  </rule>

  <rule id="19153" level="10" frequency="8" timeframe="120">
    <if_matched_sid>19113</if_matched_sid>
    <same_source_ip />
    <description>Multiple VMWare ESX user authentication failures.</description>
    <mitre>
      <id>T1110</id>
      <id>T1497</id>
    </mitre>
    <group>authentication_failures,pci_dss_10.2.4,pci_dss_10.2.5,pci_dss_11.4,gpg13_7.1,gdpr_IV_35.7.d,gdpr_IV_32.2,hipaa_164.312.b,nist_800_53_AU.14,nist_800_53_AC.7,nist_800_53_SI.4,tsc_CC6.1,tsc_CC6.8,tsc_CC7.2,tsc_CC7.3,</group>
  </rule>

</group>
