<!--
  -  Zeus rules
  -  Author: Daniel Cid.
  -  Contributed by: Chris Buckley <chris at cjbuckley.net>
  -  Updated by Wazuh, Inc.
  -  Copyright (C) 2015-2020, Wazuh Inc.
  -  Copyright (C) 2009 Trend Micro Inc.
  -  This program is a free software; you can redistribute it and/or modify it under the terms of GPLv2.
-->

<group name="zeus,">
  <rule id="31200" level="0">
    <decoded_as>zeus</decoded_as>
    <description>Grouping of Zeus rules.</description>
  </rule>

  <rule id="31201" level="0">
    <if_sid>31200</if_sid>
    <regex>^[\S+ \S+] INFO:|^[\S+ \S+] SSL:</regex>
    <description>Grouping of Zeus informational logs.</description>
  </rule>

  <rule id="31202" level="4">
    <if_sid>31200</if_sid>
    <regex>^[\S+ \S+] WARN:</regex>
    <description>Zeus warning log.</description>
    <group>gpg13_4.12,</group>
  </rule>

  <rule id="31203" level="9">
    <if_sid>31200</if_sid>
    <regex>^[\S+ \S+] SERIOUS:</regex>
    <description>Zeus serious log.</description>
    <group>gpg13_4.3,gdpr_IV_35.7.d,</group>
  </rule>

  <rule id="31204" level="12">
    <if_sid>31200</if_sid>
    <regex>^[\S+ \S+] FATAL:</regex>
    <description>Zeus fatal log.</description>
    <group>pci_dss_10.6.1,gpg13_4.1,gdpr_IV_35.7.d,hipaa_164.312.b,nist_800_53_AU.6,tsc_CC7.2,tsc_CC7.3,</group>
  </rule>

  <rule id="31205" level="8">
    <if_sid>31202</if_sid>
    <match>admin:Authentication failure</match>
    <description>Zeus: Admin authentication failed.</description>
    <group>authentication_failed,pci_dss_10.2.4,pci_dss_10.2.5,gpg13_7.1,gdpr_IV_35.7.d,gdpr_IV_32.2,hipaa_164.312.b,nist_800_53_AU.14,nist_800_53_AC.7,tsc_CC6.1,tsc_CC6.8,tsc_CC7.2,tsc_CC7.3,</group>
  </rule>

  <rule id="31206" level="0">
    <if_sid>31202</if_sid>
    <match>Unknown directive</match>
    <description>Zeus: Configuration warning (ignored).</description>
    <group>gpg13_4.12,</group>
  </rule>

  <rule id="31251" level="10" frequency="8" timeframe="120">
    <if_matched_sid>31202</if_matched_sid>
    <description>Multiple Zeus warnings.</description>
    <group>pci_dss_10.6.1,gpg13_4.12,gdpr_IV_35.7.d,hipaa_164.312.b,nist_800_53_AU.6,tsc_CC7.2,tsc_CC7.3,</group>
  </rule>
</group>
