<!--
  -  Systemd rules
  -  Author: Dan Parriott <ddpbsd@gmail.com>.
  -  Author: atomicturtle.
  -  Updated by Wazuh, Inc.
  -  Copyright (C) 2015-2020, Wazuh Inc.
  -  Copyright (C) 2009 Trend Micro Inc.
  -  This program is a free software; you can redistribute it and/or modify it under the terms of GPLv2.
-->

<group name="local,systemd,">

  <rule id="40700" level="0">
    <program_name>^systemd$|^systemctl$</program_name>
    <description>Systemd rules</description>
  </rule>

  <rule id="40701" level="0">
    <if_sid>40700</if_sid>
    <match> Stale file handle$</match>
    <description>Systemd: Stale file handle.</description>
  </rule>

  <rule id="40702" level="2">
    <if_sid>40700</if_sid>
    <match>Failed to get unit file state for</match>
    <description>Systemd: Failed to get unit state for service. This means that the .service file is missing</description>
    <group>gpg13_4.3,gdpr_IV_35.7.d,</group>
  </rule>

  <rule id="40703" level="5">
    <if_sid>40700</if_sid>
    <match>entered failed state</match>
    <description>Systemd: Service has entered a failed state, and likely has not started.</description>
    <group>gpg13_4.3,gdpr_IV_35.7.d,</group>
  </rule>

  <rule id="40704" level="5">
    <if_sid>40700</if_sid>
    <match>status=1/FAILURE</match>
    <description>Systemd: Service exited due to a failure.</description>
    <group>gpg13_4.3,gdpr_IV_35.7.d,</group>
  </rule>

  <rule id="40705" level="5">
    <if_sid>40700</if_sid>
    <match>Time has been changed$</match>
    <description>Systemd: System time has been changed.</description>
    <group>gpg13_4.3,gdpr_IV_35.7.d,</group>
  </rule>

</group>
