<!--
  -  Firewalld rules
  -  Author: Dan Parriott <ddpbsd@gmail.com>.
  -  Updated by Wazuh, Inc.
  -  Copyright (C) 2015-2020, Wazuh Inc.
  -  Copyright (C) 2009 Trend Micro Inc.
  -  This program is a free software; you can redistribute it and/or modify it under the terms of GPLv2.
-->

<group name="local,firewalld,">
  <rule id="40900" level="0">
    <program_name>^firewalld</program_name>
    <description>firewalld grouping</description>
    <group>pci_dss_1.4,hipaa_164.312.a.1,nist_800_53_SC.7,tsc_CC6.7,tsc_CC6.8,</group>
  </rule>

  <rule id="40901" level="1">
    <if_sid>40900</if_sid>
    <match> ERROR: </match>
    <description>firewalld error</description>
  </rule>

  <rule id="40902" level="3">
    <if_sid>40901</if_sid>
    <match> No chain/target/match by that name.$</match>
    <description>firewalld: Incorrect chain/target/match.</description>
  </rule>

  <rule id="40903" level="2">
    <if_sid>40901</if_sid>
    <match> ZONE_ALREADY_SET$</match>
    <description>firewalld: zone already set.</description>
  </rule>
</group>
