<!--
  -  Clam AV rules
  -  Author: Daniel Cid.
  -  Updated by Wazuh, Inc.
  -  Copyright (C) 2015-2020, Wazuh Inc.
  -  Copyright (C) 2009 Trend Micro Inc.
  -  This program is a free software; you can redistribute it and/or modify it under the terms of GPLv2.
-->

<group name="clamd,freshclam,">

  <rule id="52500" level="0" noalert="1">
    <decoded_as>clamd</decoded_as>
    <description>Clamd messages grouped.</description>
  </rule>

  <rule id="52501" level="0" noalert="1">
    <decoded_as>freshclam</decoded_as>
    <description>ClamAV: database update</description>
  </rule>

  <rule id="52502" level="8">
    <if_sid>52500</if_sid>
    <match>FOUND</match>
    <description>ClamAV: Virus detected</description>
    <group>virus,pci_dss_5.1,pci_dss_5.2,pci_dss_11.4,gpg13_4.2,gdpr_IV_35.7.d,nist_800_53_SI.3,nist_800_53_SI.4,tsc_A1.2,tsc_CC6.1,tsc_CC6.8,tsc_CC7.2,tsc_CC7.3,</group>
  </rule>

  <rule id="52503" level="10">
    <if_sid>52500</if_sid>
    <match>^ERROR: </match>
    <description>Clamd error</description>
    <group>virus,gpg13_4.3,gdpr_IV_35.7.d,</group>
  </rule>

  <rule id="52504" level="7">
    <if_sid>52500</if_sid>
    <match>^WARNING: </match>
    <description>Clamd warning</description>
    <group>virus,gpg13_4.12,gdpr_IV_35.7.d,</group>
  </rule>

  <rule id="52505" level="3">
    <if_sid>52500</if_sid>
    <match>clamd daemon</match>
    <description>Clamd restarted</description>
    <group>virus,gpg13_4.14,</group>
  </rule>

  <rule id="52506" level="3">
    <if_sid>52500</if_sid>
    <match>Database modification detected</match>
    <description>Clamd database updated</description>
    <group>virus,pci_dss_5.2,gpg13_4.4,gdpr_IV_35.7.d,nist_800_53_SI.3,tsc_A1.2,</group>
  </rule>

  <rule id="52507" level="3">
    <if_sid>52501</if_sid>
    <match>ClamAV update process started </match>
    <description>ClamAV database update</description>
    <group>virus,pci_dss_5.2,gpg13_4.4,gdpr_IV_35.7.d,nist_800_53_SI.3,tsc_A1.2,</group>
  </rule>

  <rule id="52508" level="3">
    <if_sid>52501</if_sid>
    <match>Database updated </match>
    <description>ClamAV database updated</description>
    <group>virus,pci_dss_5.2,gpg13_4.4,gdpr_IV_35.7.d,nist_800_53_SI.3,tsc_A1.2,</group>
  </rule>

  <rule id="52509" level="0">
    <if_sid>52501</if_sid>
    <match>Incremental update failed|Error while reading database from|Update failed.</match>
    <description>ClamAV: Could not download the incremental virus definition updates.</description>
    <group>pci_dss_5.2,pci_dss_11.4,gdpr_IV_35.7.d,nist_800_53_SI.3,nist_800_53_SI.4,tsc_A1.2,tsc_CC6.1,tsc_CC6.8,tsc_CC7.2,tsc_CC7.3,</group>
  </rule>

  <rule id="52510" level="6">
    <if_sid>52500</if_sid>
    <match>stop|Stop</match>
    <description>Clamd stopped</description>
    <mitre>
      <id>T1089</id>
    </mitre>
    <group>virus,pci_dss_5.1,gpg13_4.14,nist_800_53_SI.3,tsc_A1.2,</group>
  </rule>

  <rule id="52511" level="10" frequency="8">
    <if_matched_sid>52502</if_matched_sid>
    <same_id />
    <description>ClamAV: Virus detected multiple times</description>
    <group>virus,pci_dss_5.1,pci_dss_5.2,pci_dss_11.4,gpg13_4.2,gdpr_IV_35.7.d,nist_800_53_SI.3,nist_800_53_SI.4,tsc_A1.2,tsc_CC6.1,tsc_CC6.8,tsc_CC7.2,tsc_CC7.3,</group>
  </rule>

</group>
