<!--
  -  Unbound rules
  -  Author: Dan Parriott (ddpbsd@gmail.com).
  -  Updated by Wazuh, Inc.
  -  Copyright (C) 2015-2020, Wazuh Inc.
  -  Copyright (C) 2009 Trend Micro Inc.
  -  This program is a free software; you can redistribute it and/or modify it under the terms of GPLv2.
-->

<group name="syslog,unbound,">

  <rule id="500000" level="0">
    <decoded_as>unbound</decoded_as>
    <description>Unbound grouping.</description>
  </rule>

  <rule id="500001" level="1">
    <if_sid>500000</if_sid>
    <match> notice: </match>
    <description>Unbound: Notice grouping.</description>
  </rule>

  <rule id="500002" level="0">
    <if_sid>500000</if_sid>
    <match> info: </match>
    <description>Unbound: Info grouping.</description>
  </rule>

  <rule id="500100" level="2">
    <if_sid>500001</if_sid>
    <match>sendto failed: Can't assign requested address</match>
    <description>Unbound: Can't assign requested address.</description>
  </rule>

  <rule id="500101" level="0">
    <if_sid>500002</if_sid>
    <match> A IN$</match>
    <description>Unbound: DNS A request.</description>
  </rule>

  <rule id="500102" level="0">
    <if_sid>500002</if_sid>
    <match> AAAA IN$</match>
    <description>Unbound: DNS AAAA request.</description>
  </rule>

</group>
