<!--
  -  HP rules
  -  Created by Wazuh, Inc.
  -  Copyright (C) 2015-2020, Wazuh Inc.
  -  This program is a free software; you can redistribute it and/or modify it under the terms of GPLv2.
-->

<!--
Format: TIMESTAMP Sysname %%vendorMODULE/severity/MNEMONIC: location; CONTENT
    TIMESTAMP: Date and time when the event occurred.
    Sysname Name or IP address of the device that generated the message.
    %%vendor Manufacturer flag. This element is %%10 for HP.
    MODULE Name of the module that produced the message.
    severity: Severity level of the message.
        0 Emergency: The system is unusable. For example, the system authorization has expired.
        1 Alert: Action must be taken immediately. For example, traffic on an interface exceeds the upper limit.
        2 Critical: Critical condition. For example, the device temperature exceeds the upper limit, the power module fails, or the fan tray fails.
        3 Error: Error condition. For example, the link state changes or a storage card is unplugged.
        4 Warning: Warning condition. For example, an interface is disconnected, or the memory resources are used up.
        5 Notification: Normal but significant condition. For example, a terminal logs in to the device, or the device reboots.
        6 Informational: Informational message. For example, a command or a ping operation is executed.
        7 Debug: Debugging message.
    MNEMONIC Text string that uniquely identifies the system message.
    Location Optional. This element presents location information for the message in the following format: -attribute1=x-attribute2=y…-attributeN=z
    CONTENT: Text string that contains detailed information about the event or error.

Jun  8 11:54:52 HP-5500EI-HO %%10WEB/4/WEBOPT_LOGIN_FAIL(l): dfddfd failed to log in from 10.10.10.27
Jun 18 11:54:52 HP-5500EI-HO %%10WEB/4/WEBOPT_LOGIN_FAIL(l): dfddfd failed to log in from 10.10.10.27
Jun  8 11:54:52 HP-5500EI-HO %%10SHELL/4/LOGINAUTHFAIL(t): Trap 1.1.1.1.1.1.25506.2.2.2.2.2.2.2:dfddfd failed to login from Web, reason is 3
-->

<group name="hp,hp5500,">
    <rule id="81700" level="0">
        <decoded_as>hp_5500</decoded_as>
        <description>HP 5500 EI messages grouped.</description>
    </rule>

    <rule id="81701" level="7">
        <if_sid>81700</if_sid>
        <id>0</id>
        <description>HP 5500 EI - Emergency event</description>
        <group>hp-emergency,gdpr_IV_35.7.d,</group>
    </rule>

    <rule id="81702" level="6">
        <if_sid>81700</if_sid>
        <id>1</id>
        <description>HP 5500 EI - Alert event</description>
        <group>hp-alert,</group>
    </rule>

    <rule id="81703" level="5">
        <if_sid>81700</if_sid>
        <id>2</id>
        <description>HP 5500 EI - Critical event</description>
        <group>hp-critical,</group>
    </rule>

    <rule id="81704" level="4">
        <if_sid>81700</if_sid>
        <id>3</id>
        <description>HP 5500 EI - Error event</description>
        <group>hp-error,</group>
    </rule>

    <rule id="81705" level="3">
        <if_sid>81700</if_sid>
        <id>4</id>
        <description>HP 5500 EI - Warning event</description>
        <group>hp-warning,</group>
    </rule>

    <rule id="81706" level="1">
        <if_sid>81700</if_sid>
        <id>5</id>
        <description>HP 5500 EI - Notification event</description>
        <group>hp-notification,</group>
    </rule>

    <rule id="81707" level="0">
        <if_sid>81700</if_sid>
        <id>6</id>
        <description>HP 5500 EI - Informational event</description>
        <group>hp-informational,</group>
    </rule>

    <rule id="81708" level="0">
        <if_sid>81700</if_sid>
        <id>7</id>
        <description>HP 5500 EI - Debug event</description>
        <group>hp-debug,</group>
    </rule>

    <!-- Warning events
    Jun  8 11:54:52 HP-5500EI-HO %%10WEB/4/WEBOPT_LOGIN_FAIL(l): dfddfd failed to log in from 10.10.10.27
     -->
    <rule id="81709" level="4">
        <if_sid>81705</if_sid>
        <match>failed to log in|failed to login|authentication failed|Authentication is failed</match>
        <description>HP 5500 EI - Warning event: Authentication failure</description>
        <group>authentication_failed,pci_dss_10.2.4,pci_dss_10.2.5,gpg13_7.1,gdpr_IV_35.7.d,gdpr_IV_32.2,hipaa_164.312.b,nist_800_53_AU.14,nist_800_53_AC.7,tsc_CC6.1,tsc_CC6.8,tsc_CC7.2,tsc_CC7.3,</group>
    </rule>

    <rule id="81710" level="10" frequency="8">
      <if_matched_sid>81709</if_matched_sid>
      <same_source_ip />
      <description>HP 5500 EI: Multiple authentication failures.</description>
      <mitre>
        <id>T1110</id>
      </mitre>
      <group>authentication_failures,pci_dss_10.2.4,pci_dss_10.2.5,pci_dss_11.4,gpg13_7.1,gdpr_IV_35.7.d,gdpr_IV_32.2,hipaa_164.312.b,nist_800_53_AU.14,nist_800_53_AC.7,nist_800_53_SI.4,tsc_CC6.1,tsc_CC6.8,tsc_CC7.2,tsc_CC7.3,</group>
    </rule>

</group>
