<!--
  -  RSA Authentication Manager rules
  -  Created by Wazuh, Inc.
  -  Copyright (C) 2015-2020, Wazuh Inc.
  -  This program is a free software; you can redistribute it and/or modify it under the terms of GPLv2.
-->

<!-- ID: 81900 - 81999 -->

<group name="rsa-auth-manager,">

    <rule id="81900" level="0">
        <decoded_as>rsa-auth-manager</decoded_as>
        <description>RSA Authentication Manager messages grouped.</description>
    </rule>

    <rule id="81901" level="2">
        <if_sid>81900</if_sid>
        <id>AUTHN_LOGIN_EVENT</id>
        <description>RSA Authentication Manager: Loging event</description>
    </rule>

    <rule id="81902" level="4">
        <if_sid>81901</if_sid>
        <id>AUTHN_LOGIN_EVENT</id>
        <action>SUCCESS</action>
        <description>RSA Authentication Manager: Authentication success</description>
        <mitre>
            <id>T1078</id>
        </mitre>
        <group>authentication_success,pci_dss_10.2.5,gpg13_7.1,gpg13_7.2,gdpr_IV_32.2,hipaa_164.312.b,nist_800_53_AU.14,nist_800_53_AC.7,tsc_CC6.8,tsc_CC7.2,tsc_CC7.3,</group>
    </rule>

    <rule id="81903" level="5">
        <if_sid>81901</if_sid>
        <id>AUTHN_LOGIN_EVENT</id>
        <action>FAIL</action>
        <description>RSA Authentication Manager: Authentication fail</description>
        <group>authentication_failed,pci_dss_10.2.4,pci_dss_10.2.5,gpg13_7.1,gdpr_IV_35.7.d,gdpr_IV_32.2,hipaa_164.312.b,nist_800_53_AU.14,nist_800_53_AC.7,tsc_CC6.1,tsc_CC6.8,tsc_CC7.2,tsc_CC7.3,</group>
    </rule>

    <rule id="81904" level="10" frequency="8" timeframe="120">
        <if_matched_sid>81903</if_matched_sid>
        <same_user />
        <description>RSA Authentication Manager: Multiple authentication failures.</description>
        <mitre>
            <id>T1110</id>
        </mitre>
        <group>authentication_failures,pci_dss_10.2.4,pci_dss_10.2.5,pci_dss_11.4,gpg13_7.1,gdpr_IV_35.7.d,gdpr_IV_32.2,hipaa_164.312.b,nist_800_53_AU.14,nist_800_53_AC.7,nist_800_53_SI.4,tsc_CC6.1,tsc_CC6.8,tsc_CC7.2,tsc_CC7.3,</group>
    </rule>

</group>
