<!--
  -  Imperva rules
  -  Created by Wazuh, Inc.
  -  Copyright (C) 2015-2020, Wazuh Inc.
  -  This program is a free software; you can redistribute it and/or modify it under the terms of GPLv2.
-->

<!-- ID: 82000 - 82099 -->

<group name="imperva,">

    <rule id="82000" level="0">
        <decoded_as>imperva</decoded_as>
        <description>Imperva messages grouped.</description>
    </rule>

    <rule id="82001" level="4">
        <if_sid>82000</if_sid>
        <status>High</status>
        <description>Imperva: Event with high severity</description>
    </rule>
</group>
