<!--
  -  Cisco eStreamer rules
  -  Created by Wazuh, Inc.
  -  Copyright (C) 2015-2020, Wazuh Inc.
  -  This program is a free software; you can redistribute it and/or modify it under the terms of GPLv2.
-->

<!-- ID: 82400 - 82499 -->

<group name="cisco,cisco-estreamer,">

    <rule id="82400" level="0">
        <decoded_as>cisco-estreamer</decoded_as>
        <description>Cisco eStreamer messages grouped.</description>
    </rule>

	<rule id="82401" level="5">
        <if_sid>82400</if_sid>
        <id>SERVER-MYSQL</id>
        <match>failed Oracle Mysql login attempt</match>
        <description>Cisco eStreamer: SERVER-MYSQL failed login attempt</description>
        <group>authentication_failed,pci_dss_10.2.4,pci_dss_10.2.5,gpg13_7.1,gdpr_IV_35.7.d,gdpr_IV_32.2,hipaa_164.312.b,nist_800_53_AU.14,nist_800_53_AC.7,tsc_CC6.1,tsc_CC6.8,tsc_CC7.2,tsc_CC7.3,</group>
    </rule>

	<rule id="82402" level="5">
        <if_sid>82400</if_sid>
        <id>SERVER-MYSQL</id>
        <match>login attempt from unauthorized location</match>
        <description>Cisco eStreamer: SERVER-MYSQL login attempt from unauthorized location</description>
        <group>authentication_failed,pci_dss_10.2.4,pci_dss_10.2.5,gpg13_7.1,gdpr_IV_35.7.d,gdpr_IV_32.2,hipaa_164.312.b,nist_800_53_AU.14,nist_800_53_AC.7,tsc_CC6.1,tsc_CC6.8,tsc_CC7.2,tsc_CC7.3,</group>
    </rule>

	<rule id="82403" level="5">
        <if_sid>82400</if_sid>
        <id>SERVER-MYSQL</id>
        <match>client authentication bypass attempt</match>
        <description>Cisco eStreamer: SERVER-MYSQL client authentication bypass attempt</description>
        <group>authentication_failed,pci_dss_10.2.4,pci_dss_10.2.5,gpg13_7.1,gdpr_IV_35.7.d,gdpr_IV_32.2,hipaa_164.312.b,nist_800_53_AU.14,nist_800_53_AC.7,tsc_CC6.1,tsc_CC6.8,tsc_CC7.2,tsc_CC7.3,</group>
    </rule>

	<rule id="82404" level="5">
        <if_sid>82400</if_sid>
        <id>SERVER-MYSQL</id>
        <match>show databases attempt</match>
        <description>Cisco eStreamer: SERVER-MYSQL show databases attempt</description>
        <group>gdpr_IV_35.7.d,</group>
    </rule>

	<rule id="82405" level="9">
        <if_sid>82400</if_sid>
        <id>APP-DETECT</id>
        <match>DNS request for potential malware</match>
        <mitre>
          <id>T1071</id>
          <id>T1043</id>
        </mitre>
        <description>Cisco eStreamer: APP-DETECT DNS request for potential malware</description>
        <group>gdpr_IV_35.7.d,</group>
    </rule>

</group>
