<!--
  -  Docker rules
  -  Created by Wazuh, Inc.
  -  Copyright (C) 2015-2020, Wazuh Inc.
  -  This program is a free software; you can redistribute it and/or modify it under the terms of GPLv2.
-->

<!-- ID: 86000 - 86249 -->

<group name="docker,">

	<rule id="86000" level="0">
        <decoded_as>docker</decoded_as>
        <description>Docker messages</description>
    </rule>

    <!--
    time="2017-02-18T08:48:04.269962983Z" level=info msg="Text"
    Oct 25 12:19:15 localhost dockerd[1759]: time="2017-02-18T08:48:04.269962983Z" level=info msg="Text"
    -->
    <rule id="86001" level="1">
        <if_sid>86000</if_sid>
        <field name="docker.level">info</field>
        <description>Docker: Information message</description>
        <group>docker-info,</group>
    </rule>

    <!--
    time="2017-02-18T08:48:04.269962983Z" level=warning msg="Text"
    Feb 28 12:45:09 localhost dockerd[2155]: time="2017-02-18T08:48:04.269962983Z" level=warning msg="Text"
    -->
    <rule id="86002" level="1">
        <if_sid>86000</if_sid>
        <field name="docker.level">warning</field>
        <description>Docker: Warning message</description>
        <group>docker-warning,</group>
    </rule>

    <!--
    time="2017-02-18T08:48:04.269962983Z" level=error msg="Text"
    Dec 18 20:02:35 localhost containerd[4095]: time="2017-02-18T08:48:04.269962983Z" level=error msg="Text"
    -->
    <rule id="86003" level="3">
        <if_sid>86000</if_sid>
        <field name="docker.level">error</field>
        <description>Docker: Error message</description>
        <group>docker-error,</group>
    </rule>

    <!--
    time="2017-02-18T08:48:04.269962983Z" level=fatal msg="Text"
    Mar 08 20:02:35 localhost containerd[1234]: time="2017-02-18T08:48:04.269962983Z" level=fatal msg="Text"
    -->
    <rule id="86004" level="3">
        <if_sid>86000</if_sid>
        <field name="docker.level">fatal</field>
        <description>Docker: Fatal message</description>
        <group>docker-fatal,</group>
    </rule>

    <!--
    time="2017-02-18T17:03:17.550149226Z" level=error msg="Upload failed: unauthorized: authentication required"
    time="2017-02-18T17:03:17.550486075Z" level=error msg="Attempting next endpoint for push after error: unauthorized: authentication required"
    May 01 14:47:42 localhost dockerd: time="2017-02-18T17:03:17.550149226Z" level=error msg="Upload failed: unauthorized: authentication required"
    May 01 14:47:42 localhost containerd: time="2017-02-18T17:03:17.550486075Z" level=error msg="Attempting next endpoint for push after error: unauthorized: authentication required"
    -->
    <rule id="86005" level="4">
        <if_sid>86003</if_sid>
        <match>unauthorized</match>
        <description>Docker: Error - unauthorized action</description>
        <group>docker-error,gdpr_IV_35.7.d,</group>
    </rule>

    <!--
    time="2017-02-18T17:16:50.976006728Z" level=error msg="Upload failed: denied: User: abc:def:egh::1234:a/b/i-01234 is not authorized to perform: ecr:InitiateLayerUpload on resource: abc:def:ecr:eu-central-1:1234:repository/directory"

    time="2017-02-18T17:16:50.986987199Z" level=error msg="Attempting next endpoint for push after error: denied: User: abc:def:egh::1234:a/b/i-01234 is not authorized to perform: ecr:InitiateLayerUpload on resource: abc:def:ecr:eu-central-1:1234:repository/directory"

    Apr 14 14:47:42 localhost containerd: time="2017-02-18T17:16:50.976006728Z" level=error msg="Upload failed: denied: User: abc:def:egh::1234:a/b/i-01234 is not authorized to perform: ecr:InitiateLayerUpload on resource: abc:def:ecr:eu-central-1:1234:repository/directory"

    Apr 14 15:12:17 localhost dockerd: time="2017-02-18T17:16:50.986987199Z" level=error msg="Attempting next endpoint for push after error: denied: User: abc:def:egh::1234:a/b/i-01234 is not authorized to perform: ecr:InitiateLayerUpload on resource: abc:def:ecr:eu-central-1:1234:repository/directory"
    -->
    <rule id="86006" level="4">
        <if_sid>86003</if_sid>
        <match>denied: User</match>
        <description>Docker: Error - denied action</description>
        <group>docker-error,gdpr_IV_35.7.d,gdpr_IV_32.2,</group>
    </rule>

</group>
