<!--
  -  vshell rules
  -  Author: Stephen Hill.
  -  Updated by Wazuh, Inc.
  -  Copyright (C) 2015-2020, Wazuh Inc.
  -  This program is a free software; you can redistribute it and/or modify it under the terms of GPLv2.
-->

<group name="vshell,">
  <rule id="86800" level="0">
    <decoded_as>windows-date-format</decoded_as>
    <match>VShellSSH2</match>
    <description>VShell message grouped.</description>
  </rule>

  <rule id="86801" level="3">
    <if_sid>86800</if_sid>
    <match>Connection accepted from</match>
    <description>VShell connection attempt successful</description>
    <group>gdpr_IV_32.2,</group>
  </rule>

  <rule id="86802" level="5">
    <if_sid>86800</if_sid>
    <regex>Login failed|Authentication for (\w+) failed</regex>
    <description>VShell user failed to login or user does not exist</description>
    <group>gpg13_7.1,gdpr_IV_35.7.d,gdpr_IV_32.2,</group>
  </rule>

  <rule id="86803" level="7">
    <if_sid>86802</if_sid>
    <regex>Maximum authentication retries for user (\w+) exceeded</regex>
    <description>VShell user used the maximum number of password attempts.</description>
    <mitre>
      <id>T1110</id>
    </mitre>
    <group>gpg13_7.1,gdpr_IV_35.7.d,gdpr_IV_32.2,</group>
  </rule>

  <rule id="86804" level="10">
    <if_sid>86800</if_sid>
    <regex>Connection from (\d+.\d+.\d+.\d+) rejected by Deny Hosts file</regex>
    <description>Host is trying to connect to VShell server but exists in the deny file.</description>
    <group>gdpr_IV_35.7.d,</group>
  </rule>

  <rule id="86805" level="3">
    <if_sid>86800</if_sid>
    <regex>password for user (\S+) accepted</regex>
    <description>VShell user successfully authenticated.</description>
    <group>gpg13_7.1,gpg13_7.2,gdpr_IV_32.2,</group>
  </rule>

  <rule id="86806" level="12" frequency="7" timeframe="120">
    <if_matched_sid>86804</if_matched_sid>
    <same_source_ip />
    <description>VShell multiple connection attempts within 2 minute by a host in the deny file, potential DOS or brute force attempt.</description>
    <mitre>
      <id>T1110</id>
    </mitre>
    <group>gdpr_IV_35.7.d,gdpr_IV_32.2,</group>
  </rule>

  <rule id="86807" level="12" frequency="7" timeframe="60">
    <if_matched_sid>86802</if_matched_sid>
    <description>VShell host has exceeded the number of failed login attempts and has been added to the Hosts Deny file.</description>
    <mitre>
      <id>T1110</id>
    </mitre>
    <group>gdpr_IV_35.7.d,gdpr_IV_32.2,</group>
  </rule>
</group>
