<!--
  -  Suricata rules
  -  Created by Wazuh, Inc.
  -  Copyright (C) 2015-2020, Wazuh Inc.
  -  This program is a free software; you can redistribute it and/or modify it under the terms of GPLv2.
-->

<!-- ID: 86600 - 86699 -->

<group name="ids,suricata,">

    <!--
    {"timestamp":"2016-05-02T17:46:48.515262+0000","flow_id":1234,"in_iface":"eth0","event_type":"alert","src_ip":"16.10.10.10","src_port":5555,"dest_ip":"16.10.10.11","dest_port":80,"proto":"TCP","alert":{"action":"allowed","gid":1,"signature_id":2019236,"rev":3,"signature":"ET WEB_SERVER Possible CVE-2014-6271 Attempt in HTTP Version Number","category":"Attempted Administrator Privilege Gain","severity":1},"payload":"abcde","payload_printable":"hi test","stream":0,"host":"suricata.com"}
    -->
    <rule id="86600" level="0">
        <decoded_as>json</decoded_as>
        <field name="timestamp">\.+</field>
        <field name="event_type">\.+</field>
        <description>Suricata messages.</description>
        <options>no_full_log</options>
    </rule>

    <rule id="86601" level="3">
        <if_sid>86600</if_sid>
        <field name="event_type">^alert$</field>
        <description>Suricata: Alert - $(alert.signature)</description>
        <options>no_full_log</options>
    </rule>

    <rule id="86602" level="0">
        <if_sid>86600</if_sid>
        <field name="event_type">^http$</field>
        <description>Suricata: HTTP.</description>
        <options>no_full_log</options>
    </rule>

    <rule id="86603" level="0">
        <if_sid>86600</if_sid>
        <field name="event_type">^dns$</field>
        <description>Suricata: DNS.</description>
        <options>no_full_log</options>
    </rule>

    <rule id="86604" level="0">
        <if_sid>86600</if_sid>
        <field name="event_type">^tls$</field>
        <description>Suricata: TLS.</description>
        <options>no_full_log</options>
    </rule>

</group>
