<!--
  -  Proxmox Virtual Environment (Proxmox VE) rules
  -  Created by Wazuh, Inc.
  -  Copyright (C) 2015-2020, Wazuh Inc.
  -  This program is a free software; you can redistribute it and/or modify it under the terms of GPLv2.
-->

<!-- ID: 87200 - 87300 -->
<group name="syslog,proxmox-ve,">
  <rule id="87200" level="0">
    <decoded_as>pvedaemon</decoded_as>
    <description>pvedaemon messages grouped.</description>
  </rule>

  <rule id="87201" level="6">
    <if_sid>87200</if_sid>
    <match>authentication failure; </match>
    <description>Proxmox VE authentication failed.</description>
    <group>authentication_failed,pci_dss_10.2.4,pci_dss_10.2.5,gdpr_IV_35.7.d,gdpr_IV_32.2,hipaa_164.312.b,nist_800_53_AU.14,nist_800_53_AC.7,tsc_CC6.1,tsc_CC6.8,tsc_CC7.2,tsc_CC7.3,</group>
  </rule>

  <rule id="87202" level="10" frequency="8" timeframe="120">
    <if_matched_sid>87201</if_matched_sid>
    <same_source_ip />
    <description>Proxmox VE brute force (multiple failed logins).</description>
    <mitre>
      <id>T1110</id>
    </mitre>
    <group>authentication_failures,pci_dss_10.2.4,pci_dss_10.2.5,pci_dss_11.4,gdpr_IV_35.7.d,gdpr_IV_32.2,hipaa_164.312.b,nist_800_53_AU.14,nist_800_53_AC.7,nist_800_53_SI.4,tsc_CC6.1,tsc_CC6.8,tsc_CC7.2,tsc_CC7.3,</group>
  </rule>

  <rule id="87203" level="3">
    <if_sid>87200</if_sid>
    <match> successful auth for user </match>
    <description>Proxmox VE authentication succeeded.</description>
    <mitre>
      <id>T1078</id>
    </mitre>
    <group>authentication_success,pci_dss_10.2.5,gdpr_IV_32.2,hipaa_164.312.b,nist_800_53_AU.14,nist_800_53_AC.7,tsc_CC6.8,tsc_CC7.2,tsc_CC7.3,</group>
  </rule>

</group>
