<!--
  -  OwnCloud ruleset
  -  Created by Wazuh, Inc.
  -  Copyright (C) 2015-2020, Wazuh Inc.
  -  This program is a free software; you can redistribute it and/or modify it under the terms of GPLv2.
-->

<!-- ID: 87300 - 87400 -->

<!--
  - It's needed to paste the following in /var/ossec/etc/ossec.conf for the decoder to work properly:

    <localfile>
      <location>ABSOLUTE_PATH_TO_YOUR_OWNCLOUD_.json_LOG_FILE</location>
      <log_format>json</log_format>
      <label key="@source">ownCloud</label>
    </localfile>

 -->

<!-- EXAMPLE LOGS

  - {"reqId":"wlioIFa6pOvt6DIAoeHE","remoteAddr":"127.0.0.1","app":"core","message":"Login failed: 'admin' (Remote IP: '127.0.0.1')","level":2,"time":"2016-04-12T22:28:20+02:00","method":"POST","url":"\/","user":"--","@source":"ownCloud"}
  - {"reqId":"prLlx9+QIfl1jHtz9C5o","remoteAddr":"127.0.0.1","app":"core","message":"Login failed: 'admin' (Remote IP: '127.0.0.1')","level":2,"time":"2015-07-08T12:12:41+02:00","@source":"ownCloud"}
  - {"reqId":"wLP7a3MdzTo8wgCWret9","remoteAddr":"127.0.0.1","app":"core","message":"Login failed: 'admin' (Remote IP: '127.0.0.1')","level":2,"time":"2015-07-15T09:40:35+02:00","method":"POST","url":"\/","@source":"ownCloud"}
  - {"reqId":"prLlx9+QIfl1jHtz9C5o","remoteAddr":"127.0.0.1","app":"core","message":"Login failed: 'admin' (Remote IP: '127.0.0.1)","level":2,"time":"2015-07-08T12:12:41+02:00","@source":"ownCloud"}
  - {"reqId":"wLP7a3MdzTo8wgCWret9","remoteAddr":"127.0.0.1","app":"core","message":"Login failed: 'admin' (Remote IP: '127.0.0.1)","level":2,"time":"2015-07-15T09:40:35+02:00","method":"POST","url":"\/","@source":"ownCloud"}
  - {"reqId":"f7906a8355f496e3a1947d7839c4a2c3","remoteAddr":"127.0.0.1","app":"core","message":"Login failed: 'admin' (Remote IP: '127.0.0.1', X-Forwarded-For: '')","level":2,"time":"2015-06-09T08:17:43+00:00","@source":"ownCloud"}
  - {"reqId":"9f8edc5558b2b4f8628663d83a092a7f","remoteAddr":"127.0.0.1","app":"core","message":"Login failed: 'admin' (Remote IP: '127.0.0.1', X-Forwarded-For: '')","level":2,"time":"2015-06-09T08:19:02   - +00:00","method":"POST","url":"\/cloud\/index.php","@source":"ownCloud"}
  - {"app":"core","message":"Login failed: 'admin' (Remote IP: '127.0.0.1', X-Forwarded-For: '')","level":2,"time":"2015-06-09T08:16:29+00:00","@source":"ownCloud"}
  - {"reqId":"5576a04643d8e","app":"core","message":"Login failed: 'admin' (Remote IP: '127.0.0.1', X-Forwarded-For: '')","level":2,"time":"2015-06-09T08:13:58+00:00","method":"POST","url":"\/owncloud\/index.php","@source":"ownCloud"}
  - {"app":"core","message":"Login failed: user 'admin' , wrong password, IP:127.0.0.1","level":2,"time":"2015-06-09T08:10:29+00:00","@source":"ownCloud"}
  - {"reqId":"55769fcacd1e0","app":"core","message":"Login failed: user 'admin' , wrong password, IP:127.0.0.1","level":2,"time":"2015-06-09T08:11:54+00:00","method":"POST","url":"\/owncloud\/index.php","@source":"ownCloud"}
  - {"reqId":"BaW6nfA5rHBoihjDtQVm","remoteAddr":"127.0.0.1","app":"core-preview","message":"Passed filename is not valid, might be malicious (file:\"test\";ip:\"127.0.0.1\")","level":2,"time":"2017-09-01T22:11:25+02:00","method":"POST","url":"\/login","user":"--","@source":"ownCloud"}
  - {"reqId":"4ETnKW0UyDBNmL4z\/umV","remoteAddr":"127.0.0.1","app":"PHP","message":"Redis::connect(): connect() failed: No such file or directory at \/var\/www\/owncloud\/lib\/private\/RedisFactory.php#60","level":3,"time":"2017-08-21T16:00:34+02:00","method":"PROPFIND","url":"\/remote.php\/dav\/addressbooks\/users\/admin\/example\/","user":"admin","@source":"ownCloud"}
  - {"reqId":"4j2DKpvOh0OezXVwfuLO","remoteAddr":"127.0.0.1","app":"PHP","message":"fopen(\/var\/www\/owncloud\/data\/user 1\/thumbnails\/1234\/32-32.png): failed to open stream: No such file or directory at \/var\/www\/owncloud\/lib\/private\/Files\/Storage\/Local.php#278","level":3,"time":"2017-07-15T23:59:20+02:00","method":"GET","url":"\/core\/preview.png?file=%2Fexample.txt&c=123&x=32&y=32&forceIcon=0","user":"user 1","@source":"ownCloud"}

  - Examples syslog:

  - Sep  1 20:16:09 foo ownCloud[15463]: {core} Login failed: 'test' (Remote IP: '127.0.0.1')
  - Sep  1 22:16:33 foo ownCloud[15467]: {core-preview} Passed filename is not valid, might be malicious (file:"test";ip:"127.0.0.1","@source":"ownCloud")
-->

<group name="json,owncloud,">
  <rule id="87300" level="0">
    <decoded_as>json</decoded_as>
    <field name="@source">ownCloud</field>
    <description>ownCloud messages grouped.</description>
    <options>no_full_log</options>
  </rule>

  <rule id="87310" level="0">
    <decoded_as>owncloud</decoded_as>
    <description>ownCloud messages grouped.</description>
    <options>no_full_log</options>
  </rule>

  <rule id="87301" level="6">
    <if_sid>87300,87310</if_sid>
    <match>Login failed: </match>
    <description>ownCloud authentication failed.</description>
    <group>authentication_failed,pci_dss_10.2.4,pci_dss_10.2.5,gdpr_IV_35.7.d,gdpr_IV_32.2,hipaa_164.312.b,nist_800_53_AU.14,nist_800_53_AC.7,tsc_CC6.1,tsc_CC6.8,tsc_CC7.2,tsc_CC7.3,</group>
    <options>no_full_log</options>
  </rule>

  <rule id="87302" level="10" frequency="8" timeframe="120">
    <if_matched_sid>87301</if_matched_sid>
    <same_source_ip />
    <description>ownCloud brute force (multiple failed logins).</description>
    <mitre>
      <id>T1110</id>
    </mitre>
    <group>authentication_failures,pci_dss_10.2.4,pci_dss_10.2.5,pci_dss_11.4,gdpr_IV_35.7.d,gdpr_IV_32.2,hipaa_164.312.b,nist_800_53_AU.14,nist_800_53_AC.7,nist_800_53_SI.4,tsc_CC6.1,tsc_CC6.8,tsc_CC7.2,tsc_CC7.3,</group>
    <options>no_full_log</options>
  </rule>

  <rule id="87303" level="6">
    <if_sid>87300,87310</if_sid>
    <match>Passed filename is not valid, might be malicious </match>
    <description>ownCloud possible malicious request.</description>
    <mitre>
      <id>T1203</id>
      <id>T1102</id>
    </mitre>
    <group>web,appsec,attack,pci_dss_6.5,pci_dss_11.4,gdpr_IV_35.7.d,nist_800_53_SA.11,nist_800_53_SI.4,tsc_CC6.6,tsc_CC7.1,tsc_CC8.1,tsc_CC6.1,tsc_CC6.8,tsc_CC7.2,tsc_CC7.3,</group>
    <options>no_full_log</options>
  </rule>

  <rule id="87304" level="8">
    <if_sid>87300,87310</if_sid>
    <status>^4$</status>
    <description>ownCloud FATAL message.</description>
    <group>gdpr_IV_35.7.d,</group>
    <options>no_full_log</options>
  </rule>

  <rule id="87305" level="4">
    <if_sid>87300,87310</if_sid>
    <status>^3$</status>
    <description>ownCloud ERROR message.</description>
    <options>no_full_log</options>
  </rule>

  <rule id="87306" level="3">
    <if_sid>87300,87310</if_sid>
    <status>^2$</status>
    <description>ownCloud WARN message.</description>
    <options>no_full_log</options>
  </rule>

  <rule id="87307" level="0">
    <if_sid>87300,87310</if_sid>
    <status>^1$</status>
    <description>ownCloud INFO message.</description>
    <options>no_full_log</options>
  </rule>

  <rule id="87308" level="0">
    <if_sid>87300,87310</if_sid>
    <status>^0$</status>
    <description>ownCloud DEBUG message.</description>
    <options>no_full_log</options>
  </rule>

</group>
