<!--
  -  CIS-CAT scanner rules
  -  Created by Wazuh, Inc.
  -  Copyright (C) 2015-2020, Wazuh Inc.
  -  This program is a free software; you can redistribute it and/or modify it under the terms of GPLv2.
-->

<!-- ID: 87400 - 87500 -->

<!-- Example JSON event
{"type":"scan_result","scan_id":1670424437,"cis":{"rule_id":"6.2.20","rule_title":"Ensure shadow group is empty","group":"Additional Process Hardening","description":"The shadow group allows system programs which require access the ability to read the /etc/shadow file. No users should be assigned to the shadow group.","rationale":"Any users assigned to the shadow group would be granted read access to the /etc/shadow file. If attackers can gain read access to the /etc/shadow file, they can easily run a password cracking program against the hashed passwords to break them. Other security information that is stored in the /etc/shadow file (such as expiration) could also be useful to subvert additional user accounts.","remediation":"Remove all users from the shadow group, and change the primary group of any users with shadow as their primary group.","result":"pass"}}
-->

<!-- Supports:
    Wazuh v3.1 CIS-CAT events. Field: 'cis-data'
    Wazuh v3.2 CIS-CAT events. Field: 'cis' -->

<!-- CIS-CAT rules -->
<group name="ciscat,pci_dss_2.2,nist_800_53_CM.1,">

  <rule id="87401" level="0">
    <category>ossec</category>
    <decoded_as>ciscat</decoded_as>
    <description>Event decoded by CIS-CAT decoder</description>
    <options>no_full_log</options>
  </rule>

  <rule id="87402" level="0">
    <decoded_as>json</decoded_as>
    <field name="type">\.+</field>
    <field name="scan_id">\.+</field>
    <match>"cis":{</match>
    <description>CIS-CAT events.</description>
    <options>no_full_log</options>
  </rule>

  <rule id="87403" level="0">
    <decoded_as>json</decoded_as>
    <field name="type">\.+</field>
    <field name="scan_id">\.+</field>
    <match>"cis-data":{</match>
    <description>Old CIS-CAT events.</description>
    <options>no_full_log</options>
  </rule>

  <rule id="87404" level="3">
    <if_sid>87401, 87402</if_sid>
    <field name="type">^scan_info$</field>
    <description>CIS-CAT: assessment information for scan $(scan_id)</description>
    <group></group>
    <options>no_full_log</options>
  </rule>

  <!-- Rule to support CIS-CAT rules of Wazuh 3.1 -->
  <rule id="87405" level="3">
    <if_sid>87403</if_sid>
    <field name="type">^scan_info$</field>
    <description>CIS-CAT: assessment information for scan $(scan_id)</description>
    <group></group>
    <options>no_full_log</options>
  </rule>

  <rule id="87406" level="0">
    <if_sid>87401, 87402</if_sid>
    <field name="type">^scan_result$</field>
    <field name="cis.result">^pass$</field>
    <description>CIS-CAT: $(cis.rule_title) (passed)</description>
    <options>no_full_log</options>
  </rule>

  <rule id="87407" level="0">
    <if_sid>87403</if_sid>
    <field name="type">^scan_result$</field>
    <field name="cis-data.result">^pass$</field>
    <description>CIS-CAT: $(cis-data.rule_title) (passed)</description>
    <options>no_full_log</options>
  </rule>

  <rule id="87408" level="0">
    <if_sid>87401, 87402</if_sid>
    <field name="type">^scan_result$</field>
    <field name="cis.result">^notchecked$</field>
    <description>CIS-CAT: $(cis.rule_title) (not checked)</description>
    <options>no_full_log</options>
  </rule>

  <rule id="87409" level="0">
    <if_sid>87403</if_sid>
    <field name="type">^scan_result$</field>
    <field name="cis-data.result">^notchecked$</field>
    <description>CIS-CAT: $(cis-data.rule_title) (not checked)</description>
    <options>no_full_log</options>
  </rule>

  <rule id="87410" level="0">
    <if_sid>87401, 87402</if_sid>
    <field name="type">^scan_result$</field>
    <field name="cis.result">^notselected$</field>
    <description>CIS-CAT: $(cis.rule_title) (not selected)</description>
    <options>no_full_log</options>
  </rule>

  <rule id="87411" level="0">
    <if_sid>87403</if_sid>
    <field name="type">^scan_result$</field>
    <field name="cis-data.result">^notselected$</field>
    <description>CIS-CAT: $(cis-data.rule_title) (not selected)</description>
    <options>no_full_log</options>
  </rule>

  <rule id="87412" level="3">
    <if_sid>87401, 87402</if_sid>
    <field name="type">^scan_result$</field>
    <field name="cis.result">^error$</field>
    <description>CIS-CAT: $(cis.rule_title) (error)</description>
    <options>no_full_log</options>
  </rule>

  <rule id="87413" level="3">
    <if_sid>87403</if_sid>
    <field name="type">^scan_result$</field>
    <field name="cis-data.result">^error$</field>
    <description>CIS-CAT: $(cis-data.rule_title) (error)</description>
    <options>no_full_log</options>
  </rule>

  <rule id="87414" level="3">
    <if_sid>87401, 87402</if_sid>
    <field name="type">^scan_result$</field>
    <field name="cis.result">^unknown$</field>
    <description>CIS-CAT: $(cis.rule_title) (unknown)</description>
    <options>no_full_log</options>
  </rule>

  <rule id="87415" level="3">
    <if_sid>87403</if_sid>
    <field name="type">^scan_result$</field>
    <field name="cis-data.result">^unknown$</field>
    <description>CIS-CAT: $(cis-data.rule_title) (unknown)</description>
    <options>no_full_log</options>
  </rule>

  <rule id="87416" level="1">
    <if_sid>87401, 87402</if_sid>
    <field name="type">^scan_result$</field>
    <field name="cis.result">^informational$</field>
    <description>CIS-CAT: $(cis.rule_title) (informational)</description>
    <options>no_full_log</options>
  </rule>

  <rule id="87417" level="1">
    <if_sid>87403</if_sid>
    <field name="type">^scan_result$</field>
    <field name="cis-data.result">^informational$</field>
    <description>CIS-CAT: $(cis-data.rule_title) (informational)</description>
    <options>no_full_log</options>
  </rule>

  <rule id="87418" level="7">
    <if_sid>87401, 87402</if_sid>
    <field name="type">^scan_result$</field>
    <field name="cis.result">^fail$</field>
    <description>CIS-CAT: $(cis.rule_title) (failed)</description>
    <group>gdpr_IV_35.7.d,</group>
    <options>no_full_log</options>
  </rule>

  <rule id="87419" level="7">
    <if_sid>87403</if_sid>
    <field name="type">^scan_result$</field>
    <field name="cis-data.result">^fail$</field>
    <description>CIS-CAT: $(cis-data.rule_title) (failed)</description>
    <group>gdpr_IV_35.7.d,</group>
    <options>no_full_log</options>
  </rule>

<!-- Example JSON event
{"type":"scan_info","scan_id":75459013,"cis":{"benchmark":"CIS Ubuntu Linux 16.04 LTS Benchmark","hostname":"ubuntu","timestamp":"2017-12-21T03:16:54.431-08:00","score":76}}
-->

  <rule id="87420" level="4">
    <if_sid>87401, 87402</if_sid>
    <field name="cis.score">^8\d</field>
    <description>CIS-CAT Report overview: Score less than 90% ($(cis.score))</description>
    <options>no_full_log</options>
  </rule>

  <rule id="87421" level="4">
    <if_sid>87403</if_sid>
    <field name="cis-data.score">^8\d</field>
    <description>CIS-CAT Report overview: Score less than 90% ($(cis-data.score) %)</description>
    <options>no_full_log</options>
  </rule>

  <rule id="87422" level="5">
    <if_sid>87401, 87402</if_sid>
    <field name="cis.score">^7\d|^6\d|^5\d</field>
    <description>CIS-CAT Report overview: Score less than 80% ($(cis.score))</description>
    <options>no_full_log</options>
  </rule>

  <rule id="87423" level="5">
    <if_sid>87403</if_sid>
    <field name="cis-data.score">^7\d|^6\d|^5\d</field>
    <description>CIS-CAT Report overview: Score less than 80% ($(cis-data.score) %)</description>
    <options>no_full_log</options>
  </rule>

  <rule id="87424" level="7">
    <if_sid>87401, 87402</if_sid>
    <field name="cis.score">^4\d|^3\d</field>
    <description>CIS-CAT Report overview: Score less than 50% ($(cis.score))</description>
    <group>gdpr_IV_35.7.d,</group>
    <options>no_full_log</options>
  </rule>

  <rule id="87425" level="7">
    <if_sid>87403</if_sid>
    <field name="cis-data.score">^4\d|^3\d</field>
    <description>CIS-CAT Report overview: Score less than 50% ($(cis-data.score) %)</description>
    <group>gdpr_IV_35.7.d,</group>
    <options>no_full_log</options>
  </rule>

  <rule id="87426" level="9">
    <if_sid>87401, 87402</if_sid>
    <field name="cis.score">^2\d|^1\d|^\d$</field>
    <description>CIS-CAT Report overview: Score less than 30% ($(cis.score))</description>
    <group>gdpr_IV_35.7.d,</group>
    <options>no_full_log</options>
  </rule>

  <rule id="87427" level="9">
    <if_sid>87403</if_sid>
    <field name="cis-data.score">^2\d|^1\d|^\d$</field>
    <description>CIS-CAT Report overview: Score less than 30% ($(cis-data.score) %)</description>
    <group>gdpr_IV_35.7.d,</group>
    <options>no_full_log</options>
  </rule>

</group>
