<!--
  -  Exim rules
  -  Author: Alexandr Garaga.
  -  Updated by Wazuh, Inc.
  -  Copyright (C) 2015-2020, Wazuh Inc.
  -  Copyright (C) 2009 Trend Micro Inc.
  -  This program is a free software; you can redistribute it and/or modify it under the terms of GPLv2.
-->

<group name="exim,">
    <rule id="87500" level="0">
      <decoded_as>windows-date-format</decoded_as>
      <regex>^\d\d\d\d-\d\d-\d\d \d\d:\d\d:\d\d SMTP </regex>
      <description>Exim SMTP Messages Grouped.</description>
    </rule>

    <rule id="87501" level="0">
      <decoded_as>windows-date-format</decoded_as>
      <regex>^\d\d\d\d-\d\d-\d\d \d\d:\d\d:\d\d dovecot</regex>
      <description>dovecot messages grouped.</description>
    </rule>

    <rule id="87506" level="5">
      <if_sid>87501</if_sid>
      <match>authenticator failed</match>
      <description>Exim Auth failed</description>
      <group>invalid_login,authentication_failed,gdpr_IV_35.7.d,gdpr_IV_32.2,</group>
    </rule>

    <rule id="87507" level="10" frequency="8" timeframe="240">
      <if_matched_sid>87506</if_matched_sid>
      <same_source_ip />
      <description>Exim brute force attack (multiple auth failures).</description>
      <mitre>
        <id>T1110</id>
      </mitre>
      <group>authentication_failures,gdpr_IV_35.7.d,gdpr_IV_32.2,</group>
    </rule>

    <rule id="87508" level="0">
      <if_sid>87500</if_sid>
      <match>connection count =</match>
      <description>Exim connection</description>
    </rule>

    <rule id="87509" level="1">
      <if_sid>87500</if_sid>
      <match>lost$</match>
      <description>Exim connection lost</description>
    </rule>

    <rule id="87510" level="5">
      <if_sid>87500</if_sid>
      <match>dropped: too many syntax or protocol errors</match>
      <description>Exim syntax or protocol errors</description>
    </rule>
</group>
