<!--
  -  OpenVAS rules
  -  Author: Christian Fischer.
  -  Updated by Wazuh, Inc.
  -  Copyright (C) 2015-2020, Wazuh Inc.
  -  This program is a free software; you can redistribute it and/or modify it under the terms of GPLv2.
-->

<!-- ID: 87600 - 87699 -->
<group name="syslog,gsad,">
  <rule id="87600" level="0">
    <decoded_as>gsad</decoded_as>
    <description>OpenVAS (gsad) messages grouped.</description>
  </rule>

  <rule id="87601" level="6">
    <if_sid>87600</if_sid>
    <match>Authentication failure for </match>
    <description>OpenVAS (gsad) authentication failed.</description>
    <group>authentication_failed,pci_dss_10.2.4,pci_dss_10.2.5,gdpr_IV_35.7.d,gdpr_IV_32.2,hipaa_164.312.b,nist_800_53_AU.14,nist_800_53_AC.7,tsc_CC6.1,tsc_CC6.8,tsc_CC7.2,tsc_CC7.3,</group>
  </rule>

  <rule id="87602" level="10" frequency="8" timeframe="120">
    <if_matched_sid>87601</if_matched_sid>
    <same_source_ip />
    <description>OpenVAS (gsad) brute force (multiple failed logins).</description>
    <mitre>
      <id>T1110</id>
    </mitre>
    <group>authentication_failures,pci_dss_10.2.4,pci_dss_10.2.5,pci_dss_11.4,gdpr_IV_35.7.d,gdpr_IV_32.2,hipaa_164.312.b,nist_800_53_AU.14,nist_800_53_AC.7,nist_800_53_SI.4,tsc_CC6.1,tsc_CC6.8,tsc_CC7.2,tsc_CC7.3,</group>
  </rule>

  <rule id="87603" level="3">
    <if_sid>87600</if_sid>
    <match>Authentication success for </match>
    <description>OpenVAS (gsad) authentication succeeded.</description>
    <mitre>
      <id>T1078</id>
    </mitre>
    <group>authentication_success,pci_dss_10.2.5,gdpr_IV_32.2,hipaa_164.312.b,nist_800_53_AU.14,nist_800_53_AC.7,tsc_CC6.8,tsc_CC7.2,tsc_CC7.3,</group>
  </rule>

  <rule id="87604" level="6">
    <if_sid>87600</if_sid>
    <status>^ERROR$</status>
    <description>OpenVAS (gsad) ERROR message.</description>
    <group>gdpr_IV_35.7.d,</group>
  </rule>

  <rule id="87605" level="4">
    <if_sid>87600</if_sid>
    <status>^WARNING$</status>
    <description>OpenVAS (gsad) WARNING message.</description>
  </rule>

  <rule id="87606" level="0">
    <if_sid>87600</if_sid>
    <status>^INFO$</status>
    <description>OpenVAS (gsad) INFO message.</description>
  </rule>

  <rule id="87607" level="0">
    <if_sid>87600</if_sid>
    <status>^MESSAGE$</status>
    <description>OpenVAS (gsad) MESSAGE message.</description>
  </rule>
</group>

<group name="syslog,openvasmd,">
  <rule id="87608" level="0">
    <decoded_as>openvasmd</decoded_as>
    <description>OpenVAS (openvasmd) messages grouped.</description>
  </rule>

  <rule id="87609" level="6">
    <if_sid>87608</if_sid>
    <match>Authentication failure for </match>
    <description>OpenVAS (openvasmd) authentication failed.</description>
    <group>authentication_failed,pci_dss_10.2.4,pci_dss_10.2.5,gdpr_IV_35.7.d,gdpr_IV_32.2,hipaa_164.312.b,nist_800_53_AU.14,nist_800_53_AC.7,tsc_CC6.1,tsc_CC6.8,tsc_CC7.2,tsc_CC7.3,</group>
  </rule>

  <rule id="87610" level="10" frequency="8" timeframe="120">
    <if_matched_sid>87609</if_matched_sid>
    <same_source_ip />
    <description>OpenVAS (openvasmd) brute force (multiple failed logins).</description>
    <mitre>
      <id>T1110</id>
    </mitre>
    <group>authentication_failures,pci_dss_10.2.4,pci_dss_10.2.5,pci_dss_11.4,gdpr_IV_35.7.d,gdpr_IV_32.2,hipaa_164.312.b,nist_800_53_AU.14,nist_800_53_AC.7,nist_800_53_SI.4,tsc_CC6.1,tsc_CC6.8,tsc_CC7.2,tsc_CC7.3,</group>
  </rule>

  <rule id="87611" level="6">
    <if_sid>87608</if_sid>
    <status>^ERROR$</status>
    <description>OpenVAS (openvasmd) ERROR message.</description>
    <group>gdpr_IV_35.7.d,</group>
  </rule>

  <rule id="87612" level="4">
    <if_sid>87608</if_sid>
    <status>^WARNING$</status>
    <description>OpenVAS (openvasmd) WARNING message.</description>
  </rule>

  <rule id="87613" level="0">
    <if_sid>87608</if_sid>
    <status>^INFO$</status>
    <description>OpenVAS (openvasmd) INFO message.</description>
  </rule>

  <rule id="87614" level="0">
    <if_sid>87608</if_sid>
    <status>^MESSAGE$</status>
    <description>OpenVAS (openvasmd) MESSAGE message.</description>
  </rule>
</group>
