<!--
  -  Docker integration rules
  -  Created by Wazuh, Inc.
  -  Copyright (C) 2015-2020, Wazuh Inc.
  -  This program is a free software; you can redistribute it and/or modify it under the terms of GPLv2.
-->

<!--
ID: 87900 - 87999
-->

<group name="docker,">

    <rule id="87900" level="0">
        <decoded_as>json</decoded_as>
        <field name="integration">^docker$</field>
        <description>Docker alerts: $(docker.Type)</description>
        <options>no_full_log</options>
    </rule>

     <rule id="87901" level="3">
        <if_sid>87900</if_sid>
        <field name="docker.status">^create$</field>
        <description>Docker: Container $(docker.Actor.Attributes.name) created</description>
        <group>pci_dss_10.2.7,hipaa_164.312.b,nist_800_53_AU.14,tsc_CC6.8,tsc_CC7.2,tsc_CC7.3,</group>
        <options>no_full_log</options>
    </rule>

    <rule id="87902" level="5">
        <if_sid>87900</if_sid>
        <field name="docker.status">^destroy$</field>
        <description>Docker: Container $(docker.Actor.Attributes.name) destroyed</description>
        <mitre>
            <id>T1488</id>
        </mitre>
        <group>pci_dss_10.2.7,pci_dss_11.5,hipaa_164.312.b,hipaa_164.312.c.1,hipaa_164.312.c.2,nist_800_53_AU.14,nist_800_53_SI.7,tsc_CC6.8,tsc_CC7.2,tsc_CC7.3,tsc_PI1.4,tsc_PI1.5,tsc_CC6.1,</group>
        <options>no_full_log</options>
    </rule>

    <rule id="87903" level="3">
        <if_sid>87900</if_sid>
        <field name="docker.status">^start$</field>
        <description>Docker: Container $(docker.Actor.Attributes.name) started</description>
        <options>no_full_log</options>
    </rule>

    <rule id="87904" level="3">
        <if_sid>87900</if_sid>
        <field name="docker.status">^stop$</field>
        <description>Docker: Container $(docker.Actor.Attributes.name) stopped</description>
        <options>no_full_log</options>
    </rule>

    <rule id="87905" level="3">
        <if_sid>87900</if_sid>
        <field name="docker.status">^pause$</field>
        <description>Docker: Container $(docker.Actor.Attributes.name) paused</description>
        <options>no_full_log</options>
    </rule>

    <rule id="87906" level="3">
        <if_sid>87900</if_sid>
        <field name="docker.status">^unpause$</field>
        <description>Docker: Container $(docker.Actor.Attributes.name) unpaused</description>
        <options>no_full_log</options>
    </rule>

    <rule id="87907" level="3">
        <if_sid>87900</if_sid>
        <field name="docker.status">^exec_start: </field>
        <description>Docker: Command launched in container $(docker.Actor.Attributes.name). Action: "$(docker.Action)"</description>
        <group>gdpr_IV_32.2,</group>
        <options>no_full_log</options>
    </rule>

    <rule id="87908" level="5">
        <if_sid>87907</if_sid>
        <field name="docker.status">^exec_start: bash $|^exec_start: /bin/bash $|^exec_start: sh $|^exec_start: dash $|^exec_start: /bin/dash $</field>
        <description>Docker: Started shell session in container $(docker.Actor.Attributes.name)</description>
        <group>pci_dss_10.2.7,gdpr_IV_32.2,hipaa_164.312.b,nist_800_53_AU.14,tsc_CC6.8,tsc_CC7.2,tsc_CC7.3,</group>
        <options>no_full_log</options>
    </rule>

    <rule id="87909" level="3">
        <if_sid>87900</if_sid>
        <field name="docker.status">^restart$</field>
        <description>Docker: Container $(docker.Actor.Attributes.name) restarted</description>
        <options>no_full_log</options>
    </rule>

    <rule id="87910" level="3">
        <if_sid>87900</if_sid>
        <field name="docker.status">^extract-to-dir$</field>
        <description>Docker: Copied a file from host to $(docker.Actor.Attributes.name)</description>
        <group>gdpr_IV_32.2,</group>
        <options>no_full_log</options>
    </rule>

    <rule id="87911" level="3">
        <if_sid>87900</if_sid>
        <field name="docker.status">^archive-path$</field>
        <description>Docker: Copied a file from $(docker.Actor.Attributes.name) to host</description>
        <group>gdpr_IV_32.2,</group>
        <options>no_full_log</options>
    </rule>

    <rule id="87912" level="0">
        <if_sid>87900</if_sid>
        <field name="docker.Type">^volume$</field>
        <description>Docker: Docker volume action</description>
        <options>no_full_log</options>
    </rule>

    <rule id="87913" level="3">
        <if_sid>87912</if_sid>
        <field name="docker.Action">^create$</field>
        <description>Docker: Volume created in $(docker.Actor.Attributes.driver)</description>
        <group>pci_dss_10.2.7,hipaa_164.312.b,nist_800_53_AU.14,tsc_CC6.8,tsc_CC7.2,tsc_CC7.3,</group>
        <options>no_full_log</options>
    </rule>

    <rule id="87914" level="7">
        <if_sid>87912</if_sid>
        <field name="docker.Action">^destroy$</field>
        <description>Docker: Volume destroyed in $(docker.Actor.Attributes.driver)</description>
        <mitre>
            <id>T1107</id>
            <id>T1488</id>
        </mitre>
        <group>pci_dss_10.2.7,pci_dss_11.5,hipaa_164.312.b,hipaa_164.312.c.1,hipaa_164.312.c.2,nist_800_53_AU.14,nist_800_53_SI.7,tsc_CC6.8,tsc_CC7.2,tsc_CC7.3,tsc_PI1.4,tsc_PI1.5,tsc_CC6.1,</group>
        <options>no_full_log</options>
    </rule>

    <rule id="87915" level="3">
        <if_sid>87912</if_sid>
        <field name="docker.Action">^mount$</field>
        <description>Docker: Volume mounted on $(docker.Actor.Attributes.destination)</description>
        <group>pci_dss_10.2.7,hipaa_164.312.b,nist_800_53_AU.14,tsc_CC6.8,tsc_CC7.2,tsc_CC7.3,</group>
        <options>no_full_log</options>
    </rule>

    <rule id="87916" level="5">
        <if_sid>87912</if_sid>
        <field name="docker.Action">^unmount$</field>
        <description>Docker: Volume unmounted from $(docker.Actor.Attributes.driver)</description>
        <group>pci_dss_10.2.7,pci_dss_11.5,hipaa_164.312.b,hipaa_164.312.c.1,hipaa_164.312.c.2,nist_800_53_AU.14,nist_800_53_SI.7,tsc_CC6.8,tsc_CC7.2,tsc_CC7.3,tsc_PI1.4,tsc_PI1.5,tsc_CC6.1,</group>
        <options>no_full_log</options>
    </rule>

    <rule id="87917" level="3">
        <if_sid>87900</if_sid>
        <field name="docker.status">^commit$</field>
        <description>Docker: Committed an image from container $(docker.Actor.Attributes.name)</description>
        <group>pci_dss_10.2.7,hipaa_164.312.b,nist_800_53_AU.14,tsc_CC6.8,tsc_CC7.2,tsc_CC7.3,</group>
        <options>no_full_log</options>
    </rule>

    <rule id="87918" level="3">
        <if_sid>87900</if_sid>
        <field name="docker.status">^tag$</field>
        <description>Docker: Image $(docker.Actor.Attributes.name) tagged</description>
        <options>no_full_log</options>
    </rule>

    <rule id="87919" level="3">
        <if_sid>87900</if_sid>
        <field name="docker.status">^untag$</field>
        <description>Docker: Image $(docker.Actor.Attributes.name) untagged</description>
        <options>no_full_log</options>
    </rule>

    <rule id="87920" level="3">
        <if_sid>87900</if_sid>
        <field name="docker.status">^import$</field>
        <description>Docker: Image created from imported data</description>
        <group>pci_dss_10.2.7,gdpr_IV_32.2,hipaa_164.312.b,nist_800_53_AU.14,tsc_CC6.8,tsc_CC7.2,tsc_CC7.3,</group>
        <options>no_full_log</options>
    </rule>

    <rule id="87921" level="7">
        <if_sid>87900</if_sid>
        <field name="docker.status">^delete$</field>
        <description>Docker: Container $(docker.Actor.Attributes.name) deleted</description>
        <mitre>
            <id>T1107</id>
            <id>T1488</id>
        </mitre>
        <group>pci_dss_10.2.7,pci_dss_11.5,hipaa_164.312.b,hipaa_164.312.c.1,hipaa_164.312.c.2,nist_800_53_AU.14,nist_800_53_SI.7,tsc_CC6.8,tsc_CC7.2,tsc_CC7.3,tsc_PI1.4,tsc_PI1.5,tsc_CC6.1,</group>
        <options>no_full_log</options>
    </rule>

    <rule id="87922" level="3">
        <if_sid>87900</if_sid>
        <field name="docker.status">^attach$</field>
        <description>Docker: Attached local standard input, output, and error streams to container $(docker.Actor.Attributes.name)</description>
        <options>no_full_log</options>
    </rule>

    <rule id="87923" level="5">
        <if_sid>87900</if_sid>
        <field name="docker.status">^export$</field>
        <description>Docker: Filesystem of container $(docker.Actor.Attributes.name) exported</description>
        <group>pci_dss_10.2.7,gdpr_IV_32.2,hipaa_164.312.b,nist_800_53_AU.14,tsc_CC6.8,tsc_CC7.2,tsc_CC7.3,</group>
        <options>no_full_log</options>
    </rule>

    <rule id="87924" level="7">
        <if_sid>87900</if_sid>
        <field name="docker.status">^kill$|^die$</field>
        <description>Docker: Container $(docker.Actor.Attributes.name) received the action: $(docker.status)</description>
        <group>gdpr_IV_32.2,</group>
        <options>no_full_log</options>
    </rule>

    <rule id="87925" level="3">
        <if_sid>87900</if_sid>
        <field name="docker.status">^update$</field>
        <description>Docker: Configuration of container $(docker.Actor.Attributes.name) updated</description>
        <group>pci_dss_11.5,hipaa_164.312.c.1,hipaa_164.312.c.2,nist_800_53_SI.7,tsc_PI1.4,tsc_PI1.5,tsc_CC6.1,tsc_CC6.8,tsc_CC7.2,tsc_CC7.3,</group>
        <options>no_full_log</options>
    </rule>

    <rule id="87926" level="3">
        <if_sid>87900</if_sid>
        <field name="docker.status">^top$</field>
        <description>Docker: Running processes of container $(docker.Actor.Attributes.name) displayed</description>
        <options>no_full_log</options>
    </rule>

    <rule id="87927" level="0">
        <if_sid>87900</if_sid>
        <field name="docker.Type">^network$</field>
        <description>Docker: Group of network events</description>
        <options>no_full_log</options>
    </rule>

    <rule id="87928" level="3">
        <if_sid>87927</if_sid>
        <field name="docker.Action">^connect$</field>
        <description>Docker: Network $(docker.Actor.Attributes.name) connected</description>
        <options>no_full_log</options>
    </rule>

    <rule id="87929" level="4">
        <if_sid>87927</if_sid>
        <field name="docker.Action">^disconnect$</field>
        <description>Docker: Network $(docker.Actor.Attributes.name) disconnected</description>
        <options>no_full_log</options>
    </rule>

    <rule id="87930" level="3">
        <if_sid>87927</if_sid>
        <field name="docker.Action">^create$</field>
        <description>Docker: Network $(docker.Actor.Attributes.name) created</description>
        <group>pci_dss_10.2.7,hipaa_164.312.b,nist_800_53_AU.14,tsc_CC6.8,tsc_CC7.2,tsc_CC7.3,</group>
        <options>no_full_log</options>
    </rule>

    <rule id="87931" level="5">
        <if_sid>87927</if_sid>
        <field name="docker.Action">^destroy$</field>
        <description>Docker: Network $(docker.Actor.Attributes.name) deleted</description>
        <mitre>
            <id>T1107</id>
            <id>T1485</id>
        </mitre>
        <group>pci_dss_10.2.7,pci_dss_11.5,hipaa_164.312.b,hipaa_164.312.c.1,hipaa_164.312.c.2,nist_800_53_AU.14,nist_800_53_SI.7,tsc_CC6.8,tsc_CC7.2,tsc_CC7.3,tsc_PI1.4,tsc_PI1.5,tsc_CC6.1,</group>
        <options>no_full_log</options>
    </rule>

    <rule id="87932" level="3">
        <if_sid>87900</if_sid>
        <field name="docker.status">^pull$</field>
        <description>Docker: Image or repository $(docker.Actor.Attributes.name) pulled</description>
        <group>pci_dss_10.2.7,hipaa_164.312.b,nist_800_53_AU.14,tsc_CC6.8,tsc_CC7.2,tsc_CC7.3,</group>
        <options>no_full_log</options>
    </rule>

    <rule id="87933" level="3">
        <if_sid>87900</if_sid>
        <field name="docker.status">^load$</field>
        <description>Docker: Image loaded</description>
        <options>no_full_log</options>
    </rule>

    <rule id="87934" level="3">
        <if_sid>87900</if_sid>
        <field name="docker.status">^save$</field>
        <description>Docker: Image saved</description>
        <options>no_full_log</options>
    </rule>

    <rule id="87935" level="3">
        <if_sid>87900</if_sid>
        <field name="docker.status">^rename$</field>
        <description>Docker: Container renamed from $(docker.Actor.Attributes.oldName) to $(docker.Actor.Attributes.name)</description>
        <group>pci_dss_10.2.5,hipaa_164.312.b,nist_800_53_AU.14,nist_800_53_AC.7,tsc_CC6.8,tsc_CC7.2,tsc_CC7.3,</group>
        <options>no_full_log</options>
    </rule>

    <rule id="87936" level="0">
        <if_sid>87900</if_sid>
        <field name="docker.Type">^config$</field>
        <description>Docker: Group of Docker config events</description>
        <options>no_full_log</options>
    </rule>

    <rule id="87937" level="3">
        <if_sid>87936</if_sid>
        <field name="docker.Action">^create$</field>
        <description>Docker: $(docker.Actor.Attributes.name) config created</description>
        <group>pci_dss_10.2.7,hipaa_164.312.b,nist_800_53_AU.14,tsc_CC6.8,tsc_CC7.2,tsc_CC7.3,</group>
        <options>no_full_log</options>
    </rule>

    <rule id="87938" level="5">
        <if_sid>87936</if_sid>
        <field name="docker.Action">^remove$</field>
        <description>Docker: $(docker.Actor.Attributes.name) config deleted</description>
        <group>pci_dss_10.2.7,pci_dss_11.5,hipaa_164.312.b,hipaa_164.312.c.1,hipaa_164.312.c.2,nist_800_53_AU.14,nist_800_53_SI.7,tsc_CC6.8,tsc_CC7.2,tsc_CC7.3,tsc_PI1.4,tsc_PI1.5,tsc_CC6.1,</group>
        <options>no_full_log</options>
    </rule>

    <rule id="87939" level="0">
        <if_sid>87900</if_sid>
        <field name="docker.Type">^secret$</field>
        <description>Docker: Group of Docker secret events</description>
        <options>no_full_log</options>
    </rule>

    <rule id="87940" level="3">
        <if_sid>87939</if_sid>
        <field name="docker.Action">^create$</field>
        <description>Docker: Secret '$(docker.Actor.Attributes.name)' created</description>
        <group>pci_dss_10.2.7,hipaa_164.312.b,nist_800_53_AU.14,tsc_CC6.8,tsc_CC7.2,tsc_CC7.3,</group>
        <options>no_full_log</options>
    </rule>

    <rule id="87941" level="3">
        <if_sid>87939</if_sid>
        <field name="docker.Action">^remove$</field>
        <description>Docker: Secret '$(docker.Actor.Attributes.name)' removed</description>
        <mitre>
            <id>T1107</id>
            <id>T1485</id>
        </mitre>
        <group>pci_dss_10.2.7,pci_dss_11.5,hipaa_164.312.b,hipaa_164.312.c.1,hipaa_164.312.c.2,nist_800_53_AU.14,nist_800_53_SI.7,tsc_CC6.8,tsc_CC7.2,tsc_CC7.3,tsc_PI1.4,tsc_PI1.5,tsc_CC6.1,</group>
        <options>no_full_log</options>
    </rule>

    <rule id="87942" level="0">
        <if_sid>87900</if_sid>
        <field name="docker.Type">^plugin$</field>
        <description>Docker: Group of Docker plugin events</description>
        <options>no_full_log</options>
    </rule>

    <rule id="87943" level="3">
        <if_sid>87942</if_sid>
        <field name="docker.Action">^pull$</field>
        <description>Docker: Plugin $(docker.Actor.Attributes.name) pulled</description>
        <group>pci_dss_10.2.7,hipaa_164.312.b,nist_800_53_AU.14,tsc_CC6.8,tsc_CC7.2,tsc_CC7.3,</group>
        <options>no_full_log</options>
    </rule>

    <rule id="87944" level="3">
        <if_sid>87942</if_sid>
        <field name="docker.Action">^enable$</field>
        <description>Docker: Plugin $(docker.Actor.Attributes.name) enabled</description>
        <options>no_full_log</options>
    </rule>

    <rule id="87945" level="3">
        <if_sid>87942</if_sid>
        <field name="docker.Action">^disable$</field>
        <description>Docker: Plugin $(docker.Actor.Attributes.name) disabled</description>
        <options>no_full_log</options>
    </rule>

    <rule id="87946" level="3">
        <if_sid>87942</if_sid>
        <field name="docker.Action">^remove$</field>
        <description>Docker: Plugin $(docker.Actor.Attributes.name) removed</description>
        <mitre>
            <id>T1107</id>
            <id>T1485</id>
        </mitre>
        <group>pci_dss_10.2.7,pci_dss_11.5,hipaa_164.312.b,hipaa_164.312.c.1,hipaa_164.312.c.2,nist_800_53_AU.14,nist_800_53_SI.7,tsc_CC6.8,tsc_CC7.2,tsc_CC7.3,tsc_PI1.4,tsc_PI1.5,tsc_CC6.1,</group>
        <options>no_full_log</options>
    </rule>

    <rule id="87947" level="3">
        <if_sid>87942</if_sid>
        <field name="docker.Action">^create$</field>
        <description>Docker: Plugin $(docker.Actor.Attributes.name) created</description>
        <group>pci_dss_10.2.7,hipaa_164.312.b,nist_800_53_AU.14,tsc_CC6.8,tsc_CC7.2,tsc_CC7.3,</group>
        <options>no_full_log</options>
    </rule>

    <rule id="87948" level="0">
        <if_sid>87900</if_sid>
        <field name="docker.Type">^node$</field>
        <description>Docker: Group of Docker node events</description>
        <options>no_full_log</options>
    </rule>

    <rule id="87949" level="3">
        <if_sid>87948</if_sid>
        <field name="docker.Action">^create$</field>
        <description>Docker: Node created</description>
        <group>pci_dss_10.2.7,hipaa_164.312.b,nist_800_53_AU.14,tsc_CC6.8,tsc_CC7.2,tsc_CC7.3,</group>
        <options>no_full_log</options>
    </rule>

    <rule id="87950" level="3">
        <if_sid>87948</if_sid>
        <field name="docker.Action">^update$</field>
        <description>Docker: Node updated</description>
        <group>pci_dss_11.5,hipaa_164.312.c.1,hipaa_164.312.c.2,nist_800_53_SI.7,tsc_PI1.4,tsc_PI1.5,tsc_CC6.1,tsc_CC6.8,tsc_CC7.2,tsc_CC7.3,</group>
        <options>no_full_log</options>
    </rule>

    <rule id="87951" level="3">
        <if_sid>87950</if_sid>
        <field name="docker.Actor.Attributes.role.new">\.+</field>
        <field name="docker.Actor.Attributes.role.old">\.+</field>
        <description>Docker: Role for node $(docker.Actor.Attributes.name) has changed from $(docker.Actor.Attributes.role.old) to $(docker.Actor.Attributes.role.new)</description>
        <group>pci_dss_10.2.5,hipaa_164.312.b,nist_800_53_AU.14,nist_800_53_AC.7,tsc_CC6.8,tsc_CC7.2,tsc_CC7.3,</group>
        <options>no_full_log</options>
    </rule>

    <rule id="87952" level="3">
        <if_sid>87900</if_sid>
        <field name="docker.status">^resize$</field>
        <description>Docker: Container $(docker.Actor.Attributes.image) resized terminal size to $(docker.Actor.Attributes.width)x$(docker.Actor.Attributes.height)</description>
        <options>no_full_log</options>
    </rule>

    <rule id="87953" level="3">
        <if_sid>87900</if_sid>
        <field name="docker.status">^checkpoint$</field>
        <description>Docker: Checkpoint set at container $(docker.Actor.Attributes.name)</description>
        <group>pci_dss_10.2.7,hipaa_164.312.b,nist_800_53_AU.14,tsc_CC6.8,tsc_CC7.2,tsc_CC7.3,</group>
        <options>no_full_log</options>
    </rule>

    <rule id="87954" level="0">
        <if_sid>87900</if_sid>
        <field name="docker.Type">^service$</field>
        <description>Docker: Group of service events</description>
        <options>no_full_log</options>
    </rule>

    <rule id="87955" level="3">
        <if_sid>87954</if_sid>
        <field name="docker.Action">^create$</field>
        <description>Docker: Service $(docker.Actor.Attributes.name) created</description>
        <group>pci_dss_10.2.7,hipaa_164.312.b,nist_800_53_AU.14,tsc_CC6.8,tsc_CC7.2,tsc_CC7.3,</group>
        <options>no_full_log</options>
    </rule>

    <rule id="87956" level="3">
        <if_sid>87954</if_sid>
        <field name="docker.Action">^update$</field>
        <description>Docker: Service $(docker.Actor.Attributes.name) updated</description>
        <group>pci_dss_11.5,hipaa_164.312.c.1,hipaa_164.312.c.2,nist_800_53_SI.7,tsc_PI1.4,tsc_PI1.5,tsc_CC6.1,tsc_CC6.8,tsc_CC7.2,tsc_CC7.3,</group>
        <options>no_full_log</options>
    </rule>

    <rule id="87957" level="5">
        <if_sid>87954</if_sid>
        <field name="docker.Action">^remove$</field>
        <description>Docker: Service $(docker.Actor.Attributes.name) deleted</description>
        <mitre>
            <id>T1107</id>
            <id>T1485</id>
        </mitre>
        <group>pci_dss_10.2.7,pci_dss_11.5,hipaa_164.312.b,hipaa_164.312.c.1,hipaa_164.312.c.2,nist_800_53_AU.14,nist_800_53_SI.7,tsc_CC6.8,tsc_CC7.2,tsc_CC7.3,tsc_PI1.4,tsc_PI1.5,tsc_CC6.1,</group>
        <options>no_full_log</options>
    </rule>

    <rule id="87958" level="3">
        <if_sid>87900</if_sid>
        <field name="docker.status">^push$</field>
        <description>Docker: Image $(docker.Actor.Attributes.name) pushed</description>
        <group>pci_dss_10.2.7,hipaa_164.312.b,nist_800_53_AU.14,tsc_CC6.8,tsc_CC7.2,tsc_CC7.3,</group>
        <options>no_full_log</options>
    </rule>
</group>
