<!--
  -  Windows Event Channel ruleset
  -  Created by Wazuh, Inc.
  -  Copyright (C) 2015-2020, Wazuh Inc.
  -  This program is a free software; you can redistribute it and/or modify it under the terms of GPLv2.
-->

<!-- Group of parent rules for the Windows eventchannel -->

<var name="MS_FREQ">8</var>
<var name="CRITICAL_FREQ">4</var>

<group name="windows,">

  <rule id="60000" level="0">
    <category>ossec</category>
    <decoded_as>windows_eventchannel</decoded_as>
    <field name="win.system.providerName">\.+</field>
    <options>no_full_log</options>
    <description>Group of windows rules</description>
  </rule>

  <!-- Classification by channel -->
  <rule id="60001" level="0">
    <if_sid>60000</if_sid>
    <field name="win.system.channel">^Security$</field>
    <options>no_full_log</options>
    <description>Group of Windows rules for the Security channel</description>
  </rule>

  <rule id="60002" level="0">
    <if_sid>60000</if_sid>
    <field name="win.system.channel">^System$</field>
    <options>no_full_log</options>
    <description>Group of Windows rules for the System channel</description>
  </rule>

  <rule id="60003" level="0">
    <if_sid>60000</if_sid>
    <field name="win.system.channel">^Application$</field>
    <options>no_full_log</options>
    <description>Group of Windows rules for the Application channel</description>
  </rule>

  <rule id="60004" level="0">
    <if_sid>60000</if_sid>
    <field name="win.system.channel">^Microsoft-Windows-Sysmon/Operational$</field>
    <options>no_full_log</options>
    <description>Group of Windows rules for the Sysmon channel</description>
  </rule>

  <rule id="60005" level="0">
    <if_sid>60000</if_sid>
    <field name="win.system.channel">^Microsoft-Windows-Windows Defender/Operational$</field>
    <options>no_full_log</options>
    <description>Group of Windows rules for the System channel</description>
  </rule>

  <rule id="60016" level="0">
    <if_sid>60000</if_sid>
    <field name="win.system.channel">^Microsoft-Windows-Windows Firewall With Advanced Security/Firewall$</field>
    <options>no_full_log</options>
    <description>Group of Microsoft Windows Firewall With Advanced Security rules</description>
  </rule>

  <rule id="60006" level="0">
    <if_sid>60003</if_sid>
    <field name="win.system.providerName">^McLogEvent$</field>
    <options>no_full_log</options>
    <description>Group of Windows rules for the McAfee channel</description>
  </rule>

  <rule id="60017" level="0">
    <if_sid>60001</if_sid>
    <field name="win.system.providerName">^Microsoft-Windows-Eventlog$</field>
    <options>no_full_log</options>
    <description>Group of rules for Windows Eventlog from Security channel</description>
  </rule>

  <rule id="60007" level="0">
    <if_sid>60002</if_sid>
    <field name="win.system.providerName">^Eventlog$|^Microsoft-Windows-Eventlog$</field>
    <options>no_full_log</options>
    <description>Group of rules for Windows Eventlog from System channel</description>
  </rule>

  <rule id="60008" level="0">
    <if_sid>60002</if_sid>
    <field name="win.system.providerName">^Microsoft Antimalware$</field>
    <options>no_full_log</options>
    <description>Group of Microsoft Security Essentials rules</description>
  </rule>

  <!-- Rules to classify events by level (for rules with no defined channel) -->

  <rule id="60009" level="0">
    <if_sid>60000</if_sid>
    <field name="win.system.severityValue">^INFORMATION$</field>
    <description>Windows informational event</description>
    <options>no_full_log</options>
  </rule>

  <rule id="60010" level="0">
    <if_sid>60000</if_sid>
    <field name="win.system.severityValue">^WARNING$</field>
    <description>Windows warning event</description>
    <options>no_full_log</options>
    <group>gpg13_4.12,</group>
  </rule>
  
  <rule id="60011" level="5">
    <if_sid>60000</if_sid>
    <field name="win.system.severityValue">^ERROR$</field>
    <description>Windows error event</description>
    <options>no_full_log</options>
    <group>system_error,gpg13_4.3,gdpr_IV_35.7.d,</group>
  </rule>

  <rule id="60012" level="10">
    <if_sid>60000</if_sid>
    <field name="win.system.severityValue">^CRITICAL$</field>
    <description>Windows critical event</description>
    <options>no_full_log</options>
    <group>system_error,gpg13_4.3,gdpr_IV_35.7.d,</group>
  </rule>

  <!-- Rules about multiple events -->

  <rule id="60013" level="8" frequency="$MS_FREQ" timeframe="120">
    <if_matched_sid>60010</if_matched_sid>
    <description>Multiple Windows warning events</description>
    <options>no_full_log</options>
  </rule>

  <rule id="60014" level="10" frequency="$MS_FREQ" timeframe="240">
    <if_matched_sid>60011</if_matched_sid>
    <description>Multiple Windows error events</description>
    <options>no_full_log</options>
  </rule>

  <rule id="60015" level="12" frequency="$CRITICAL_FREQ" timeframe="240">
    <if_matched_sid>60012</if_matched_sid>
    <description>Multiple Windows critical events</description>
    <options>no_full_log</options>
  </rule>

</group>