<!--
  -  Windows Event Channel ruleset for the McAfee channel 
  -  Created by Wazuh, Inc.
  -  Copyright (C) 2015-2020, Wazuh Inc.
  -  This program is a free software; you can redistribute it and/or modify it under the terms of GPLv2.
  -  ID range: 62600 - 63099
-->

<var name="MCAFEE_INFO">^257$|^5000$|^5026$|^5052$|^5055$</var>
<var name="MCAFEE_WARN">^258$|^5001$|^5028$|^5036$|^5037$|^5038$|^5039$|^5040$|^5041$|^5053$|^5056$|^5061$|^5062$|^5065$</var>
<var name="MCAFEE_ERROR">^259$|^100$|^1000$|^1001$|^1002$|^1003$|^1004$|^1005$|^1006$|^1007$|^1008$|^5003$|^5005$|^5008$|^5010$|^5011$|^5019$|^5020$|^5021$|^5022$|^5030$|^5031$|^5032$|^5033$|^5034$|^5035$|^5046$|^5047$|^5048$|^5049$|^5051$|^5054$|^5057$|^5059$|^5060$|^5063$|^5063$</var>
<var name="MCAFEE_VIRUS_OK">quarantined|moved to quarantine|file was deleted|deleted successfully|has been deleted|message deleted|deleted after|cleaned|successfully deleted</var>
<var name="MCAFEE_VIRUS">The file \.+ contain|infected with|User defined detection|scan found|error attempting to clean</var>
<var name="MCAFEE_FREQ">12</var>

<!-- MS Windows Defender rules -->
<group name="windows,mcafee,">
  <rule id="62600" level="0">
    <if_sid>60006</if_sid>
    <field name="win.system.severityValue">^INFORMATION$</field>
    <description>Windows McAfee informational event</description>
    <options>no_full_log</options>
  </rule>

  <rule id="62601" level="0">
    <if_sid>60006</if_sid>
    <field name="win.system.severityValue">^WARNING$</field>
    <description>Windows McAfee warning event</description>
    <options>no_full_log</options>
    <group>gpg13_4.12,</group>
  </rule>

  <rule id="62602" level="5">
    <if_sid>60006</if_sid>
    <field name="win.system.severityValue">^ERROR$</field>
    <description>Windows McAfee error event</description>
    <options>no_full_log</options>
    <group>system_error,gpg13_4.3,gdpr_IV_35.7.d,</group>
  </rule>

 <!-- McAfee rules -->

  <rule id="62603" level="2">
    <if_sid>62600</if_sid>
    <field name="win.system.eventID">$MCAFEE_INFO</field>
    <description>McAfee Windows AV informational event</description>
  </rule>

  <rule id="62604" level="3">
    <if_sid>62601</if_sid>
    <field name="win.system.eventID">$MCAFEE_WARN</field>
    <description>McAfee Windows AV warning event</description>
    <group>gpg13_4.12,</group>
  </rule>

  <rule id="62605" level="4">
    <if_sid>62602</if_sid>
    <field name="win.system.eventID">$MCAFEE_ERROR</field>
    <description>McAfee Windows AV error event</description>
    <group>gpg13_4.3,</group>
  </rule>

  <rule id="62606" level="12">
    <if_sid>62600,62601,62602</if_sid>
    <field name="win.system.message">$MCAFEE_VIRUS</field>
    <group>virus,pci_dss_5.1,pci_dss_5.2,pci_dss_10.6.1,pci_dss_11.4,gpg13_4.2,gdpr_IV_35.7.d,hipaa_164.312.b,nist_800_53_SI.3,nist_800_53_AU.6,nist_800_53_SI.4,tsc_A1.2,tsc_CC7.2,tsc_CC7.3,tsc_CC6.1,tsc_CC6.8,</group>
    <description>McAfee Windows AV - Virus detected and not removed</description>
  </rule>

  <rule id="62607" level="7">
    <if_sid>62606</if_sid>
    <field name="win.system.message">$MCAFEE_VIRUS_OK</field>
    <group>virus,pci_dss_5.1,pci_dss_5.2,pci_dss_10.6.1,pci_dss_11.4,gpg13_4.2,gdpr_IV_35.7.d,hipaa_164.312.b,nist_800_53_SI.3,nist_800_53_AU.6,nist_800_53_SI.4,tsc_A1.2,tsc_CC7.2,tsc_CC7.3,tsc_CC6.1,tsc_CC6.8,</group>
    <description>McAfee Windows AV - Virus detected and properly removed</description>
  </rule>

  <rule id="62608" level="7">
    <if_sid>62606</if_sid>
    <field name="win.system.message">Will be deleted</field>
    <group>virus,pci_dss_5.1,pci_dss_5.2,pci_dss_10.6.1,pci_dss_11.4,gpg13_4.2,gdpr_IV_35.7.d,hipaa_164.312.b,nist_800_53_SI.3,nist_800_53_AU.6,nist_800_53_SI.4,tsc_A1.2,tsc_CC7.2,tsc_CC7.3,tsc_CC6.1,tsc_CC6.8,</group>
    <description>McAfee Windows AV - Virus detected and file will be deleted</description>
  </rule>

  <rule id="62609" level="3">
    <if_sid>62600,62601,62602</if_sid>
    <field name="win.system.message">scan started|scan stopped</field>
    <description>McAfee Windows AV - Scan started or stopped</description>
    <group>pci_dss_5.1,pci_dss_10.2.6,pci_dss_10.6.1,gpg13_4.14,gpg13_10.1,gdpr_IV_35.7.d,hipaa_164.312.b,nist_800_53_SI.3,nist_800_53_AU.14,nist_800_53_AU.5,nist_800_53_AU.6,tsc_A1.2,tsc_CC6.8,tsc_CC7.2,tsc_CC7.3,</group>
  </rule>

  <rule id="62610" level="3">
    <if_sid>62603</if_sid>
    <field name="win.system.eventID">^257$</field>
    <field name="win.system.message">completed. No detections</field>
    <description>McAfee Windows AV - Scan completed with no viruses found</description>
    <group>pci_dss_5.1,pci_dss_10.2.6,pci_dss_10.6.1,gpg13_4.14,gpg13_10.1,gdpr_IV_35.7.d,hipaa_164.312.b,nist_800_53_SI.3,nist_800_53_AU.14,nist_800_53_AU.5,nist_800_53_AU.6,tsc_A1.2,tsc_CC6.8,tsc_CC7.2,tsc_CC7.3,</group>
  </rule>

  <rule id="62611" level="5">
    <if_sid>62600,62601,62602</if_sid>
    <field name="win.system.message">scan was cancelled |has taken too long</field>
    <description>McAfee Windows AV - Virus scan cancelled</description>
    <group>pci_dss_5.1,pci_dss_10.2.6,pci_dss_10.6.1,gpg13_4.14,gpg13_10.1,gdpr_IV_35.7.d,hipaa_164.312.b,nist_800_53_SI.3,nist_800_53_AU.14,nist_800_53_AU.5,nist_800_53_AU.6,tsc_A1.2,tsc_CC6.8,tsc_CC7.2,tsc_CC7.3,</group>
  </rule>

  <rule id="62612" level="5">
    <if_sid>62600,62601,62602</if_sid>
    <field name="win.system.message">scan was canceled because</field>
    <description>McAfee Windows AV - Virus scan cancelled due to shutdown</description>
    <group>pci_dss_5.1,pci_dss_10.2.6,pci_dss_10.6.1,gpg13_4.14,gpg13_10.1,gdpr_IV_35.7.d,hipaa_164.312.b,nist_800_53_SI.3,nist_800_53_AU.14,nist_800_53_AU.5,nist_800_53_AU.6,tsc_A1.2,tsc_CC6.8,tsc_CC7.2,tsc_CC7.3,</group>
  </rule>

  <rule id="62613" level="3">
    <if_sid>62600,62601,62602</if_sid>
    <field name="win.system.message">update was successful</field>
    <description>McAfee Windows AV - Virus program or DAT update succeeded</description>
    <group>pci_dss_5.1,pci_dss_10.6.1,pci_dss_5.2,gpg13_4.4,gpg13_4.14,gdpr_IV_35.7.d,hipaa_164.312.b,nist_800_53_SI.3,nist_800_53_AU.6,tsc_A1.2,tsc_CC7.2,tsc_CC7.3,</group>
  </rule>

  <rule id="62614" level="7">
    <if_sid>62600,62601,62602</if_sid>
    <field name="win.system.message">update failed</field>
    <description>McAfee Windows AV - Virus program or DAT update failed</description>
    <group>pci_dss_5.1,pci_dss_10.6.1,pci_dss_5.2,gpg13_4.14,gdpr_IV_35.7.d,hipaa_164.312.b,nist_800_53_SI.3,nist_800_53_AU.6,tsc_A1.2,tsc_CC7.2,tsc_CC7.3,</group>
  </rule>

  <rule id="62615" level="7">
    <if_sid>62600,62601,62602</if_sid>
    <field name="win.system.message">update was cancelled</field>
    <description>McAfee Windows AV - Virus program or DAT update cancelled</description>
    <group>pci_dss_5.1,pci_dss_10.6.1,pci_dss_5.2,gpg13_4.14,gdpr_IV_35.7.d,hipaa_164.312.b,nist_800_53_SI.3,nist_800_53_AU.6,tsc_A1.2,tsc_CC7.2,tsc_CC7.3,</group>
  </rule>

  <rule id="62616" level="5">
    <if_sid>62607</if_sid>
    <field name="win.system.message">contains the EICAR test file</field>
    <options>alert_by_email</options>
    <description>McAfee Windows AV - EICAR test file detected</description>
  </rule>

  <!-- Composite rules -->

  <rule id="62617" level="10" frequency="$MCAFEE_FREQ" timeframe="240">
    <if_matched_sid>62604</if_matched_sid>
    <description>Multiple McAfee AV warning events</description>
    <group>pci_dss_5.1,pci_dss_10.6.1,gdpr_IV_35.7.d,hipaa_164.312.b,nist_800_53_SI.3,nist_800_53_AU.6,tsc_A1.2,tsc_CC7.2,tsc_CC7.3,</group>
  </rule>

  <rule id="62618" level="10" frequency="$MCAFEE_FREQ" timeframe="240">
    <if_matched_sid>62605</if_matched_sid>
    <description>Multiple McAfee AV error events</description>
    <group>pci_dss_5.1,pci_dss_10.6.1,gdpr_IV_35.7.d,hipaa_164.312.b,nist_800_53_SI.3,nist_800_53_AU.6,tsc_A1.2,tsc_CC7.2,tsc_CC7.3,</group>
  </rule>

</group>