<!--
  -  Windows Event Channel ruleset for the Eventlog channel
  -  Created by Wazuh, Inc.
  -  Copyright (C) 2015-2020, Wazuh Inc.
  -  This program is a free software; you can redistribute it and/or modify it under the terms of GPLv2.
  -  ID range: 63100 - 63599
-->
<var name="MS_FREQ">8</var>

 <!-- MS logs rules -->

<group name="windows,windows_logs,">

  <rule id="63100" level="0">
    <if_sid>60007</if_sid>
    <field name="win.system.severityValue">^INFORMATION$</field>
    <description>Windows Eventlog informational event</description>
    <options>no_full_log</options>
  </rule>

  <rule id="63101" level="0">
    <if_sid>60007</if_sid>
    <field name="win.system.severityValue">^WARNING$</field>
    <description>Windows Eventlog warning event</description>
    <options>no_full_log</options>
    <group>gpg13_4.12,</group>
  </rule>

  <rule id="63102" level="5">
    <if_sid>60007</if_sid>
    <field name="win.system.severityValue">^ERROR$</field>
    <description>Windows Eventlog error event</description>
    <options>no_full_log</options>
    <group>system_error,gpg13_4.3,gdpr_IV_35.7.d,</group>
  </rule>

  <rule id="63108" level="0">
    <if_sid>60017</if_sid>
    <field name="win.system.severityValue">^INFORMATION$</field>
    <description>Windows Eventlog informational event</description>
    <options>no_full_log</options>
  </rule>

  <rule id="63109" level="0">
    <if_sid>60017</if_sid>
    <field name="win.system.severityValue">^WARNING$</field>
    <description>Windows Eventlog warning event</description>
    <options>no_full_log</options>
    <group>gpg13_4.12,</group>
  </rule>

  <rule id="63110" level="5">
    <if_sid>60017</if_sid>
    <field name="win.system.severityValue">^ERROR$</field>
    <description>Windows Eventlog error event</description>
    <options>no_full_log</options>
    <group>system_error,gpg13_4.3,gdpr_IV_35.7.d,</group>
  </rule>

  <!-- {"win":{"system":{"providerName":"Microsoft-Windows-Eventlog","providerGuid":"{555908d1-a6d7-4695-8e1e-26931d2012f4}","eventSourceName":"Microsoft-Windows-Eventlog","eventID":"1102","version":"0","level":"4","task":"0","opcode":"0","keywords":"0x8080000000000000","systemTime":"2018-11-27T13:03:51.594213100Z","eventRecordID":"8453","correlation":"","processID":"608","threadID":"1296","channel":"Microsoft-Windows-Eventlog","computer":"hffg","message":"The audit log was cleared.","severityValue":"INFORMATION"},"eventdata":{"subjectUserSid":"S-1-5-21-571","subjectUserName":"HFFG$","subjectDomainName":"WORKGROUP","subjectLogonId":"0x3e7","transactionId":"{D2399FF4-F177-11E8-82BA-08002750D7C5}","newState":"52","resourceManager":"{7D5F0E1F-ABCB-11E8-A2E2-D5514FE2B72B}","processId":"0x3f8","processName":"C:\\Windows\\System32\\svchost.exe"}}} -->
  <rule id="63103" level="5">
    <if_sid>63108</if_sid>
    <field name="win.system.eventID">^1102$</field>
    <description>The audit log was cleared</description>
    <options>no_full_log</options>
    <mitre>
      <id>T1070</id>
    </mitre>
    <group>log_clearing_auditlog,gpg13_10.1,gdpr_II_5.1.f,gdpr_IV_30.1.g,</group>
  </rule>

  <!-- {"win":{"system":{"providerName":"Microsoft-Windows-Eventlog","providerGuid":"{555908d1-a6d7-4695-8e1e-26931d2012f4}","eventSourceName":"Microsoft-Windows-Eventlog","eventID":"104","version":"0","level":"4","task":"0","opcode":"0","keywords":"0x8080000000000000","systemTime":"2018-11-27T13:03:51.594213100Z","eventRecordID":"8453","correlation":"","processID":"608","threadID":"1296","channel":"Microsoft-Windows-Eventlog","computer":"hffg","message":"The Internet Explorer log file was cleared.","severityValue":"INFORMATION"},"eventdata":{"subjectUserSid":"S-1-5-21-571","subjectUserName":"HFFG$","subjectDomainName":"WORKGROUP","subjectLogonId":"0x3e7","transactionId":"{D2399FF4-F177-11E8-82BA-08002750D7C5}","newState":"52","resourceManager":"{7D5F0E1F-ABCB-11E8-A2E2-D5514FE2B72B}","processId":"0x3f8","processName":"C:\\Windows\\System32\\svchost.exe"}}} -->
  <rule id="63104" level="5">
    <if_sid>63100</if_sid>
    <field name="win.system.eventID">^104$</field>
    <description>A Windows log file was cleared</description>
    <options>no_full_log</options>
    <mitre>
      <id>T1070</id>
    </mitre>
    <group>log_clearing,gpg13_10.1,gdpr_II_5.1.f,</group>
  </rule>

  <!-- {"win":{"system":{"providerName":"Microsoft-Windows-Eventlog","providerGuid":"{555908d1-a6d7-4695-8e1e-26931d2012f4}","eventSourceName":"Microsoft-Windows-Eventlog","eventID":"6005","version":"0","level":"4","task":"0","opcode":"0","keywords":"0x8080000000000000","systemTime":"2018-11-27T13:03:51.594213100Z","eventRecordID":"8453","correlation":"","processID":"608","threadID":"1296","channel":"Microsoft-Windows-Eventlog","computer":"hffg","message":"The Event log service was started.","severityValue":"INFORMATION"},"eventdata":{"subjectUserSid":"S-1-5-21-571","subjectUserName":"HFFG$","subjectDomainName":"WORKGROUP","subjectLogonId":"0x3e7","transactionId":"{D2399FF4-F177-11E8-82BA-08002750D7C5}","newState":"52","resourceManager":"{7D5F0E1F-ABCB-11E8-A2E2-D5514FE2B72B}","processId":"0x3f8","processName":"C:\\Windows\\System32\\svchost.exe"}}} -->
  <rule id="63105" level="5">
    <if_sid>63100</if_sid>
    <field name="win.system.eventID">^6005$</field>
    <description>The Event log service was started</description>
    <mitre>
      <id>T1050</id>
    </mitre>
    <options>no_full_log</options>
    <group>windows_log_service_started,gpg13_10.1,</group>
  </rule>

  <rule id="63106" level="10" frequency="$MS_FREQ" timeframe="240">
    <if_matched_sid>63102</if_matched_sid>
    <description>Multiple Eventlog error events</description>
    <options>no_full_log</options>
  </rule>

  <rule id="63107" level="10" frequency="$MS_FREQ" timeframe="120">
    <if_matched_sid>63101</if_matched_sid>
    <description>Multiple Eventlog warning events</description>
    <options>no_full_log</options>
  </rule>
</group>
