<!--
  -  McAfee EPO rules
  -  Updated by Wazuh, Inc.
  -  Copyright (C) 2015-2020, Wazuh Inc.
  -  Copyright (C) 2009 Trend Micro Inc.
  -  This program is a free software; you can redistribute it and/or modify it under the terms of GPLv2.
-->

<group name="mcafee_epo,">

    <rule id="65500" level="0">
        <decoded_as>mcafee-epo2</decoded_as>
        <description>Mcafee EPO2</description>
    </rule>
    <rule id="65501" level="3">
        <if_sid>65500</if_sid>
        <description>$(ThreatName)</description>
    </rule>

</group>
