<!--
  -  Rules for cisco-asa
  -  Created by Wazuh, Inc.
  -  Copyright (C) 2015-2020, Wazuh Inc.
  -  This program is a free software; you can redistribute it and/or modify it under the terms of GPLv2.
-->

<group name="syslog,cisco,cisco-asa,">
  <rule id="64000" level="0">
    <decoded_as>cisco-asa</decoded_as>
    <description>Grouping of cisco-ASA rules</description>
  </rule>

  <rule id="64001" level="6">
    <if_sid>64000</if_sid>
    <match>%ASA-1-</match>
    <description>ASA alert message.</description>
  </rule>

  <rule id="64002" level="5">
    <if_sid>64000</if_sid>
    <match>%ASA-2-</match>
    <description>ASA critical message.</description>
  </rule>

  <rule id="64003" level="4">
    <if_sid>64000</if_sid>
    <match>%ASA-3-</match>
    <description>ASA error message.</description>
  </rule>

  <rule id="64004" level="3">
    <if_sid>64000</if_sid>
    <match>%ASA-4-</match>
    <description>ASA warning message.</description>
  </rule>

  <rule id="64005" level="0">
    <if_sid>64000</if_sid>
    <match>%ASA-5-|%ASA-6-</match>
    <description>ASA notification/informational message.</description>
  </rule>

  <rule id="64006" level="0">
    <if_sid>64000</if_sid>
    <match>%ASA-7-</match>
    <description>ASA debug message.</description>
  </rule>

<rule id="64007" level="9">
    <if_sid>64005</if_sid>
    <id>^6-605004</id>
    <description>ASA: Failed login attempt.</description>
    <group>authentication_failed,pci_dss_10.2.4,pci_dss_10.2.5,gpg13_7.8,gdpr_IV_35.7.d,gdpr_IV_32.2,tsc_CC6.1,tsc_CC6.8,tsc_CC7.2,tsc_CC7.3,</group>
  </rule>

  <rule id="64008" level="3">
    <if_sid>64005</if_sid>
    <id>^5-502103</id>
    <description>ASA: Privilege changed.</description>
    <group>pci_dss_10.2.7,pci_dss_10.6.1,gpg13_7.9,gdpr_IV_35.7.d,gdpr_IV_32.2,tsc_CC6.8,tsc_CC7.2,tsc_CC7.3,</group>
  </rule>

  <rule id="64009" level="3">
    <if_sid>64005</if_sid>
    <id>^6-605005</id>
    <description>ASA: Successful login.</description>
    <mitre>
      <id>T1078</id>
    </mitre>
    <group>authentication_success,pci_dss_10.2.5,gpg13_7.8,gdpr_IV_32.2,tsc_CC6.8,tsc_CC7.2,tsc_CC7.3,</group>
  </rule>

  <rule id="64010" level="9">
    <if_sid>64005</if_sid>
    <id>^6-308001</id>
    <description>ASA: Password mismatch while running 'enable' </description>
    <description>on the ASA.</description>
    <group>authentication_failed,pci_dss_10.2.4,pci_dss_10.2.5,gpg13_7.8,gdpr_IV_35.7.d,gdpr_IV_32.2,tsc_CC6.1,tsc_CC6.8,tsc_CC7.2,tsc_CC7.3,</group>
  </rule>

  <rule id="64011" level="8">
    <if_sid>64004</if_sid>
    <id>^4-405001</id>
    <description>ASA: ARP collision detected.</description>
    <mitre>
      <id>T1095</id>
    </mitre>
    <group>pci_dss_10.6.1,gpg13_4.12,gdpr_IV_35.7.d,tsc_CC7.2,tsc_CC7.3,</group>
  </rule>

  <rule id="64012" level="8">
    <if_sid>64004</if_sid>
    <id>^4-401004</id>
    <description>ASA: Attempt to connect from a blocked (shunned) IP.</description>
    <group>access_denied,pci_dss_10.2.4,pci_dss_11.4,gpg13_4.12,gdpr_IV_35.7.d,tsc_CC6.1,tsc_CC6.8,tsc_CC7.2,tsc_CC7.3,</group>
  </rule>

  <rule id="64013" level="8">
    <if_sid>64006</if_sid>
    <id>^7-710004</id>
    <description>ASA: Connection limit exceeded.</description>
    <group>pci_dss_10.6.1,gpg13_4.12,gdpr_IV_35.7.d,tsc_CC7.2,tsc_CC7.3,</group>
  </rule>

  <rule id="64014" level="8">
    <if_sid>64001</if_sid>
    <id>^1-106021|^1-106022</id>
    <description>ASA: Attack in progress detected.</description>
    <group>gdpr_IV_35.7.d,</group>
  </rule>

  <rule id="64015" level="8">
    <if_sid>64002</if_sid>
    <id>^2-106012|^2-106017|^2-106020</id>
    <description>ASA: Attack in progress detected.</description>
    <group>gdpr_IV_35.7.d,</group>
  </rule>

  <rule id="64016" level="8">
    <if_sid>64004</if_sid>
    <id>^4-4000</id>
    <description>ASA: Attack in progress detected.</description>
    <group>gdpr_IV_35.7.d,</group>
  </rule>

  <!-- Grouping of attack in progress messages. The three above
    -  will never be alerted, but this one instead.
    -->
  <rule id="64017" level="8">
    <if_sid>64014, 64015, 64016</if_sid>
    <description>ASA: Attack in progress detected</description>
    <group>ids,pci_dss_11.4,gpg13_4.12,gdpr_IV_35.7.d,tsc_CC6.1,tsc_CC6.8,tsc_CC7.2,tsc_CC7.3,</group>
  </rule>

  <rule id="64018" level="5">
    <if_sid>64005</if_sid>
    <id>^6-113005</id>
    <description>ASA: AAA (VPN) authentication failed.</description>
    <group>authentication_failed,pci_dss_10.2.4,pci_dss_10.2.5,gpg13_7.1,gdpr_IV_35.7.d,gdpr_IV_32.2,tsc_CC6.1,tsc_CC6.8,tsc_CC7.2,tsc_CC7.3,</group>
  </rule>

  <rule id="64019" level="3">
    <if_sid>64005</if_sid>
    <id>^6-113004</id>
    <description>ASA: AAA (VPN) authentication successful.</description>
    <mitre>
      <id>T1078</id>
    </mitre>
    <group>authentication_success,pci_dss_10.2.5,gpg13_7.1,gpg13_7.2,gdpr_IV_32.2,tsc_CC6.8,tsc_CC7.2,tsc_CC7.3,</group>
  </rule>

  <rule id="64020" level="8">
    <if_sid>64005</if_sid>
    <id>^6-113006</id>
    <description>ASA: AAA (VPN) user locked out.</description>
    <mitre>
      <id>T1133</id>
    </mitre>
    <group>authentication_failed,pci_dss_10.2.4,pci_dss_10.2.5,gpg13_7.1,gpg13_7.5,gdpr_IV_35.7.d,gdpr_IV_32.2,tsc_CC6.1,tsc_CC6.8,tsc_CC7.2,tsc_CC7.3,</group>
  </rule>

  <rule id="64021" level="8">
    <if_sid>64003</if_sid>
    <id>^3-201008</id>
    <description>ASA: The ASA is disallowing new connections.</description>
    <group>service_availability,pci_dss_10.6.1,gpg13_4.12,gdpr_IV_35.7.d,tsc_CC7.2,tsc_CC7.3,</group>
  </rule>

  <rule id="64022" level="8">
    <if_sid>64001</if_sid>
    <id>^1-105005|^1-105009|^1-105043</id>
    <match>Failed|Lost Failover</match>
    <description>ASA: Firewall failover pair communication problem.</description>
    <group>service_availability,pci_dss_10.6.1,gpg13_4.12,gdpr_IV_35.7.d,tsc_CC7.2,tsc_CC7.3,</group>
  </rule>

  <rule id="64023" level="8">
    <if_sid>64005</if_sid>
    <id>^5-111003</id>
    <description>ASA: Firewall configuration deleted.</description>
    <group>config_changed,pci_dss_1.1.1,pci_dss_10.4,gpg13_4.13,gdpr_IV_35.7.d,tsc_CC8.1,tsc_CC6.1,tsc_CC6.8,tsc_CC7.2,tsc_CC7.3,</group>
  </rule>

  <rule id="64024" level="8">
    <if_sid>64005</if_sid>
    <id>^5-111005|^5-111004|^5-111002|^5-111007</id>
    <description>ASA: Firewall configuration changed.</description>
    <mitre>
      <id>T1089</id>
    </mitre>
    <group>config_changed,pci_dss_1.1.1,pci_dss_10.4,gpg13_4.13,gdpr_IV_35.7.d,tsc_CC8.1,tsc_CC6.1,tsc_CC6.8,tsc_CC7.2,tsc_CC7.3,</group>
  </rule>

  <rule id="64025" level="3">
    <if_sid>64005</if_sid>
    <id>^5-111008</id>
    <description>ASA: Firewall command executed (for accounting only).</description>
  </rule>

  <rule id="64026" level="3">
    <if_sid>64006</if_sid>
    <id>^7-111009</id>
    <description>ASA: Firewall command executed (for accounting only).</description>
  </rule>

  <rule id="64027" level="8">
    <if_sid>64005</if_sid>
    <id>^5-502101|^5-502102</id>
    <description>ASA: User created or modified on the Firewall.</description>
    <mitre>
      <id>T1089</id>
    </mitre>
    <group>adduser,account_changed,pci_dss_8.1.2,pci_dss_10.2.5,gpg13_4.13,gdpr_IV_35.7.d,gdpr_IV_32.2,tsc_CC6.8,tsc_CC7.2,tsc_CC7.3,</group>
  </rule>

  <rule id="64028" level="10" frequency="8" timeframe="360">
    <if_matched_sid>64001</if_matched_sid>
    <description>Multiple ASA alert messages.</description>
    <group>pci_dss_10.6.1,pci_dss_11.4,gpg13_4.12,gdpr_IV_35.7.d,tsc_CC7.2,tsc_CC7.3,tsc_CC6.1,tsc_CC6.8,</group>
  </rule>

  <rule id="64029" level="10" frequency="8" timeframe="360">
    <if_matched_sid>64002</if_matched_sid>
    <description>ASA: Multiple critical messages.</description>
    <group>pci_dss_10.6.1,pci_dss_11.4,gpg13_4.1,gdpr_IV_35.7.d,tsc_CC7.2,tsc_CC7.3,tsc_CC6.1,tsc_CC6.8,</group>
  </rule>

  <rule id="64030" level="10" frequency="10" timeframe="120">
    <if_matched_sid>64003</if_matched_sid>
    <description>ASA: Multiple error messages.</description>
    <group>system_error,pci_dss_10.6.1,pci_dss_11.4,gpg13_4.3,gdpr_IV_35.7.d,tsc_CC7.2,tsc_CC7.3,tsc_CC6.1,tsc_CC6.8,</group>
  </rule>

  <rule id="64031" level="10" frequency="10" timeframe="120">
    <if_matched_sid>64004</if_matched_sid>
    <description>ASA: Multiple warning messages.</description>
    <group>pci_dss_10.6.1,gpg13_4.12,gdpr_IV_35.7.d,tsc_CC7.2,tsc_CC7.3,</group>
  </rule>

  <rule id="64032" level="10" frequency="10" timeframe="240" ignore="90">
    <if_matched_sid>64017</if_matched_sid>
    <same_source_ip />
    <description>ASA: Multiple attack in progress messages.</description>
    <group>pci_dss_10.6.1,pci_dss_11.4,gpg13_4.12,gdpr_IV_35.7.d,tsc_CC7.2,tsc_CC7.3,tsc_CC6.1,tsc_CC6.8,</group>
  </rule>

  <rule id="64033" level="10" frequency="10" timeframe="240">
    <if_matched_sid>64018</if_matched_sid>
    <description>ASA: Multiple AAA (VPN) authentication failures.</description>
    <mitre>
      <id>T1110</id>
      <id>T1133</id>
    </mitre>
    <group>authentication_failures,pci_dss_11.4,pci_dss_10.2.4,pci_dss_10.2.5,gpg13_7.1,gdpr_IV_35.7.d,gdpr_IV_32.2,tsc_CC6.1,tsc_CC6.8,tsc_CC7.2,tsc_CC7.3,</group>
    <same_source_ip />
  </rule>
</group>
