<!--NEXTCLOUD-->
<!--
-  NextCloud ruleset
-  Created by banditopazzo.
-  Copyright (C) 2015-2020, Wazuh Inc.
-  This program is a free software; you can redistribute it and/or modify it under the terms of GPLv2.
-->
<!--
- It's needed to enable audit in Nextcloud if you want full log
- It's needed to paste the following in /var/ossec/etc/ossec.conf for the decoder to work properly:
<localfile>
	<location>ABSOLUTE_PATH_TO_YOUR_NEXTCLOUD_.json_LOG_FILE</location>
	<log_format>json</log_format>
	<label key="@source">NextCloud</label>
</localfile>
- OPTIONAL
<localfile>
	<location>ABSOLUTE_PATH_TO_YOUR_AUDIT_.json_LOG_FILE</location>
	<log_format>json</log_format>
	<label key="@source">NextCloud</label>
</localfile>
 -->

<!-- ID: 88200 - 88299 -->

<!-- EXAMPLE LOGS
- {"reqId":"prLlx9+QIfl1jHtz9C5o","remoteAddr":"127.0.0.1","app":"core","message":"Login failed: 'admin' (Remote IP: '127.0.0.1')","level":2,"time":"2015-07-08T12:12:41+02:00","@source":"NextCloud"}
- {"reqId":"wLP7a3MdzTo8wgCWret9","remoteAddr":"127.0.0.1","app":"core","message":"Login failed: 'admin' (Remote IP: '127.0.0.1')","level":2,"time":"2015-07-15T09:40:35+02:00","method":"POST","url":"\/","@source":"NextCloud"}
- {"reqId":"prLlx9+QIfl1jHtz9C5o","remoteAddr":"127.0.0.1","app":"core","message":"Login failed: 'admin' (Remote IP: '127.0.0.1)","level":2,"time":"2015-07-08T12:12:41+02:00","@source":"NextCloud"}
- {"reqId":"wLP7a3MdzTo8wgCWret9","remoteAddr":"127.0.0.1","app":"core","message":"Login failed: 'admin' (Remote IP: '127.0.0.1)","level":2,"time":"2015-07-15T09:40:35+02:00","method":"POST","url":"\/","@source":"NextCloud"}
- {"reqId":"f7906a8355f496e3a1947d7839c4a2c3","remoteAddr":"127.0.0.1","app":"core","message":"Login failed: 'admin' (Remote IP: '127.0.0.1', X-Forwarded-For: '')","level":2,"time":"2015-06-09T08:17:43+00:00","@source":"NextCloud"}
- {"reqId":"9f8edc5558b2b4f8628663d83a092a7f","remoteAddr":"127.0.0.1","app":"core","message":"Login failed: 'admin' (Remote IP: '127.0.0.1', X-Forwarded-For: '')","level":2,"time":"2015-06-09T08:19:02   - +00:00","method":"POST","url":"\/cloud\/index.php","@source":"NextCloud"}
- {"app":"core","message":"Login failed: 'admin' (Remote IP: '127.0.0.1', X-Forwarded-For: '')","level":2,"time":"2015-06-09T08:16:29+00:00","@source":"NextCloud"}
- {"reqId":"5576a04643d8e","app":"core","message":"Login failed: 'admin' (Remote IP: '127.0.0.1', X-Forwarded-For: '')","level":2,"time":"2015-06-09T08:13:58+00:00","method":"POST","url":"\/NextCloud\/index.php","@source":"NextCloud"}
- {"app":"core","message":"Login failed: user 'admin' , wrong password, IP:127.0.0.1","level":2,"time":"2015-06-09T08:10:29+00:00","@source":"NextCloud"}
- {"reqId":"55769fcacd1e0","app":"core","message":"Login failed: user 'admin' , wrong password, IP:127.0.0.1","level":2,"time":"2015-06-09T08:11:54+00:00","method":"POST","url":"\/NextCloud\/index.php","@source":"NextCloud"}
- {"reqId":"4ETnKW0UyDBNmL4z\/umV","remoteAddr":"127.0.0.1","app":"PHP","message":"Redis::connect(): connect() failed: No such file or directory at \/var\/www\/NextCloud\/lib\/private\/RedisFactory.php#60","level":3,"time":"2017-08-21T16:00:34+02:00","method":"PROPFIND","url":"\/remote.php\/dav\/addressbooks\/users\/admin\/example\/","user":"admin","@source":"NextCloud"}
- {"reqId":"4j2DKpvOh0OezXVwfuLO","remoteAddr":"127.0.0.1","app":"PHP","message":"fopen(\/var\/www\/NextCloud\/data\/user 1\/thumbnails\/1234\/32-32.png): failed to open stream: No such file or directory at \/var\/www\/NextCloud\/lib\/private\/Files\/Storage\/Local.php#278","level":3,"time":"2017-07-15T23:59:20+02:00","method":"GET","url":"\/core\/preview.png?file=%2Fexample.txt&c=123&x=32&y=32&forceIcon=0","user":"user 1","@source":"NextCloud"}
- Examples syslog:
- Sep  1 20:16:09 foo NextCloud[15463]: {core} Login failed: 'test' (Remote IP: '127.0.0.1')
- Sep  1 22:16:33 foo NextCloud[15467]: {core-preview} Passed filename is not valid, might be malicious (file:"test";ip:"127.0.0.1","@source":"NextCloud")
-->

<group name="json,nextcloud,">

  <rule id="88200" level="0">
    <decoded_as>json</decoded_as>
    <field name="@source">NextCloud</field>
    <description>NextCloud messages grouped.</description>
    <options>no_full_log</options>
  </rule>

  <rule id="88201" level="0">
    <decoded_as>nextcloud</decoded_as>
    <description>NextCloud messages grouped.</description>
    <options>no_full_log</options>
  </rule>

  <rule id="88202" level="1">
    <if_sid>88200,88201</if_sid>
    <match>Login attempt: </match>
    <description>NextCloud authentication attempt.</description>
    <group>pci_dss_10.2.4,pci_dss_10.2.5,gdpr_IV_35.7.d,gdpr_IV_32.2,hipaa_164.312.b,nist_800_53_AU.14,nist_800_53_AC.7,tsc_CC6.1,tsc_CC6.8,tsc_CC7.2,tsc_CC7.3,</group>
    <options>no_full_log</options>
  </rule>

  <rule id="88210" level="6">
    <if_sid>88200,88201</if_sid>
    <match>Logout occurred</match>
    <description>NextCloud logout successful.</description>
    <group>pci_dss_10.2.4,pci_dss_10.2.5,gdpr_IV_35.7.d,gdpr_IV_32.2,hipaa_164.312.b,nist_800_53_AU.14,nist_800_53_AC.7,tsc_CC6.1,tsc_CC6.8,tsc_CC7.2,tsc_CC7.3,</group>
    <options>no_full_log</options>
  </rule>

  <rule id="88211" level="6">
    <if_sid>88200,88201</if_sid>
    <match>Login successful: </match>
    <description>NextCloud authentication successful.</description>
    <group>authentication_success,pci_dss_10.2.4,pci_dss_10.2.5,gdpr_IV_35.7.d,gdpr_IV_32.2,hipaa_164.312.b,nist_800_53_AU.14,nist_800_53_AC.7,tsc_CC6.1,tsc_CC6.8,tsc_CC7.2,tsc_CC7.3,</group>
    <options>no_full_log</options>
  </rule>

  <rule id="88212" level="6">
    <if_sid>88200,88201</if_sid>
    <match>Login failed: </match>
    <description>NextCloud authentication failed.</description>
    <group>authentication_failed,pci_dss_10.2.4,pci_dss_10.2.5,gdpr_IV_35.7.d,gdpr_IV_32.2,hipaa_164.312.b,nist_800_53_AU.14,nist_800_53_AC.7,tsc_CC6.1,tsc_CC6.8,tsc_CC7.2,tsc_CC7.3,</group>
    <options>no_full_log</options>
  </rule>

  <rule id="88203" level="10" frequency="8" timeframe="120">
    <if_matched_sid>88202</if_matched_sid>
    <description>NextCloud brute force (multiple failed logins).</description>
    <group>authentication_failures,pci_dss_10.2.4,pci_dss_10.2.5,pci_dss_11.4,gdpr_IV_35.7.d,gdpr_IV_32.2,hipaa_164.312.b,nist_800_53_AU.14,nist_800_53_AC.7,nist_800_53_SI.4,tsc_CC6.1,tsc_CC6.8,tsc_CC7.2,tsc_CC7.3,</group>
    <options>no_full_log</options>
  </rule>

  <rule id="88213" level="6">
    <if_sid>88200,88201</if_sid>
    <match>File accessed: </match>
    <description>NextCloud file accessed.</description>
    <group>pci_dss_10.2.4,pci_dss_10.2.5,gdpr_IV_35.7.d,gdpr_IV_32.2,hipaa_164.312.b,nist_800_53_AU.14,nist_800_53_AC.7,tsc_CC6.1,tsc_CC6.8,tsc_CC7.2,tsc_CC7.3,</group>
    <options>no_full_log</options>
  </rule>

  <rule id="88214" level="6">
    <if_sid>88200,88201</if_sid>
    <match>File created: </match>
    <description>NextCloud file created.</description>
    <group>pci_dss_10.2.4,pci_dss_10.2.5,gdpr_IV_35.7.d,gdpr_IV_32.2,hipaa_164.312.b,nist_800_53_AU.14,nist_800_53_AC.7,tsc_CC6.1,tsc_CC6.8,tsc_CC7.2,tsc_CC7.3,</group>
    <options>no_full_log</options>
  </rule>

  <rule id="88215" level="6">
    <if_sid>88200,88201</if_sid>
    <match>File deleted: </match>
    <description>NextCloud file deleted.</description>
    <group>pci_dss_10.2.4,pci_dss_10.2.5,gdpr_IV_35.7.d,gdpr_IV_32.2,hipaa_164.312.b,nist_800_53_AU.14,nist_800_53_AC.7,tsc_CC6.1,tsc_CC6.8,tsc_CC7.2,tsc_CC7.3,</group>
    <options>no_full_log</options>
  </rule>

  <rule id="88216" level="6">
    <if_sid>88200,88201</if_sid>
    <match>Preview accessed: </match>
    <description>NextCloud preview accessed.</description>
    <group>pci_dss_10.2.4,pci_dss_10.2.5,gdpr_IV_35.7.d,gdpr_IV_32.2,hipaa_164.312.b,nist_800_53_AU.14,nist_800_53_AC.7,tsc_CC6.1,tsc_CC6.8,tsc_CC7.2,tsc_CC7.3,</group>
    <options>no_full_log</options>
  </rule>

  <rule id="88204" level="6">
    <if_sid>88200,88201</if_sid>
    <match>Passed filename is not valid, might be malicious </match>
    <description>NextCloud possible malicious request.</description>
    <group>web,appsec,attack,pci_dss_6.5,pci_dss_11.4,gdpr_IV_35.7.d,nist_800_53_SA.11,nist_800_53_SI.4,tsc_CC6.6,tsc_CC7.1,tsc_CC8.1,tsc_CC6.1,tsc_CC6.8,tsc_CC7.2,tsc_CC7.3,</group>
    <options>no_full_log</options>
  </rule>

  <rule id="88205" level="8">
    <if_sid>88200,88201</if_sid>
    <field name="level">^4$</field>
    <description>NextCloud FATAL message.</description>
    <group>gdpr_IV_35.7.d,</group>
    <options>no_full_log</options>
  </rule>

  <rule id="88206" level="4">
    <if_sid>88200,88201</if_sid>
    <field name="level">^3$</field>
    <description>NextCloud ERROR message.</description>
    <options>no_full_log</options>
  </rule>

  <rule id="88207" level="3">
    <if_sid>88200,88201</if_sid>
    <field name="level">^2$</field>
    <description>NextCloud WARN message.</description>
    <options>no_full_log</options>
  </rule>

  <rule id="88208" level="2">
    <if_sid>88200,88201</if_sid>
    <field name="level">^1$</field>
    <description>NextCloud INFO message.</description>
    <options>no_full_log</options>
  </rule>

  <rule id="88209" level="1">
    <if_sid>88200,88201</if_sid>
    <field name="level">^0$</field>
    <description>NextCloud DEBUG message.</description>
    <options>no_full_log</options>
  </rule>

</group>
