<!--
  -  PaloAlto v9.0 rules
  -  ID range: 64500 - 64511
  -  Created by Wazuh, Inc.
  -  Copyright (C) 2015-2020, Wazuh Inc.
  -  This program is a free software; you can redistribute it and/or modify it under the terms of GPLv2.
-->

<group name="paloalto,">
  <rule id="64500" level="0">
    <decoded_as>paloalto_system</decoded_as>
    <description>SYSTEM Palo Alto logs type</description>
  </rule>
  <rule id="64501" level="1">
    <if_sid>64500</if_sid>
    <field name="severity">informational</field>
    <description>Palo Alto SYSTEM: $(severity) severity log on $(device_name): $(description)</description>
  </rule>
  <rule id="64502" level="3">
    <if_sid>64500</if_sid>
    <field name="severity">low</field>
    <description>Palo Alto SYSTEM: $(severity) severity log on $(device_name): $(description)</description>
    <group>pci_dss_1.4,pci_dss_10.6.1,tsc_CC6.1,tsc_CC6.8,tsc_CC7.2,tsc_CC7.3,tsc_CC6.7,tsc_CC7.4,gpg13_4.12,gdpr_IV_35.7.d,hipaa_164.312.b,hipaa_164.312.a</group>
  </rule>
  <rule id="64504" level="5">
    <if_sid>64500</if_sid>
    <field name="severity">medium</field>
    <description>Palo Alto SYSTEM: $(severity) severity log on $(device_name): $(description)</description>
    <group>pci_dss_1.4,pci_dss_10.6.1,tsc_CC6.1,tsc_CC6.8,tsc_CC7.2,tsc_CC7.3,tsc_CC6.7,tsc_CC7.4,gpg13_4.12,gdpr_IV_35.7.d,hipaa_164.312.b</group>
  </rule>
  <rule id="64505" level="10">
    <if_sid>64500</if_sid>
    <field name="severity">high</field>
    <description>Palo Alto SYSTEM: $(severity) severity log on $(device_name): $(description)</description>
    <mitre>
      <id>T1089</id>
    </mitre>
    <group>pci_dss_1.4,pci_dss_10.6.1,10.8,tsc_CC6.1,tsc_CC6.8,tsc_CC7.2,tsc_CC7.3,tsc_CC6.7,tsc_CC7.4,gpg13_4.12,gdpr_IV_35.7.d,hipaa_164.312.b</group>
  </rule>
  <rule id="64506" level="14">
    <if_sid>64500</if_sid>
    <field name="severity">critical</field>
    <description>Palo Alto SYSTEM: $(severity) severity log on $(device_name): $(description)</description>
    <mitre>
      <id>T1089</id>
    </mitre>
    <mitre>
      <id>T1499</id>
    </mitre>
    <group>pci_dss_1.4,pci_dss_10.6.1,10.8,tsc_CC6.1,tsc_CC6.8,tsc_CC7.2,tsc_CC7.3,tsc_CC6.7,tsc_CC7.4,gpg13_4.12,gdpr_IV_35.7.d,hipaa_164.312.b</group>
  </rule>

  <rule id="64507" level="0">
    <decoded_as>paloalto_traffic</decoded_as>
    <description>TRAFFIC paloalto logs type</description>
  </rule>
  <rule id="64508" level="2">
    <if_sid>64507</if_sid>
    <field name="content_type">start</field>
    <description>Palo Alto TRAFFIC: session started log on $(device_name)</description>
    <group>pci_dss_1.4,pci_dss_10.6.1,pci_dss_11.4,tsc_CC6.1,tsc_CC6.8,tsc_CC7.2,tsc_CC7.3,tsc_CC6.7,tsc_CC7.4,gpg13_4.12,gdpr_IV_35.7.d,hipaa_164.312.b</group>
  </rule>
  <rule id="64509" level="2">
    <if_sid>64507</if_sid>
    <field name="content_type">end</field>
    <description>Palo Alto TRAFFIC: session ended  on $(device_name) from $(src_ip) to $(dst_ip). Reason: $(session_end_reason)</description>
    <group>pci_dss_1.4,pci_dss_10.6.1,pci_dss_11.4,tsc_CC6.1,tsc_CC6.8,tsc_CC7.2,tsc_CC7.3,tsc_CC6.7,tsc_CC7.4,gpg13_4.12,gdpr_IV_35.7.d,hipaa_164.312.b</group>
  </rule> 
  <rule id="64510" level="6">
    <if_sid>64507</if_sid>
    <field name="content_type">drop</field>
    <mitre>
      <id>T1190</id>
    </mitre>
    <mitre>
      <id>T1072</id>
    </mitre>
    <description>Palo Alto TRAFFIC: session dropped  on $(device_name) from $(src_ip) to $(dst_ip). Reason: $(session_end_reason). Action: $(action).</description>
    <group>pci_dss_1.4,pci_dss_10.6.1,pci_dss_11.4,tsc_CC6.1,tsc_CC6.8,tsc_CC7.2,tsc_CC7.3,tsc_CC6.7,tsc_CC7.4,gpg13_4.12,gdpr_IV_35.7.d,hipaa_164.312.b</group>
  </rule>
  <rule id="64511" level="6">
    <if_sid>64507</if_sid>
    <field name="content_type">deny</field>
    <mitre>
      <id>T1190</id>
    </mitre>
    <mitre>
      <id>T1072</id>
    </mitre>
    <description>Palo Alto TRAFFIC: session dropped  on $(device_name) from $(src_ip) to $(dst_ip). Reason: $(session_end_reason). Action: $(action).</description>
    <group>pci_dss_1.4,pci_dss_10.6.1,pci_dss_11.4,tsc_CC6.1,tsc_CC6.8,tsc_CC7.2,tsc_CC7.3,tsc_CC6.7,tsc_CC7.4,gpg13_4.12,gdpr_IV_35.7.d,hipaa_164.312.b</group>
  </rule>
</group>
